discounted_price,actual_price,discount_percentage,rating,rating_count,main_category_encoded,sub_category_encoded,category_depth,title_length,desc_length,discount_amount,price_ratio
399.0,1099.0,64,4.2,24269.0,1,1,5,162,960,700.0,0.3630573248407643
199.0,349.0,43,4.0,43994.0,1,1,5,193,605,150.0,0.5702005730659025
199.0,1899.0,90,3.9,7928.0,1,1,5,136,1091,1700.0,0.10479199578725645
329.0,699.0,53,4.2,94363.0,1,1,5,199,699,370.0,0.47067238912732473
154.0,399.0,61,4.2,16905.0,1,1,5,110,574,245.0,0.38596491228070173
149.0,1000.0,85,3.9,24871.0,1,1,5,193,820,851.0,0.149
176.63,499.0,65,4.1,15188.0,1,1,5,111,851,322.37,0.35396793587174347
229.0,299.0,23,4.3,30411.0,1,1,5,38,261,70.0,0.7658862876254181
499.0,999.0,50,4.2,179691.0,1,22,4,195,646,500.0,0.4994994994994995
199.0,299.0,33,4.0,43994.0,1,1,5,183,580,100.0,0.6655518394648829
154.0,339.0,55,4.3,13391.0,1,1,5,126,462,185.0,0.45427728613569324
299.0,799.0,63,4.2,94363.0,1,1,5,80,734,500.0,0.3742177722152691
219.0,700.0,69,4.4,426973.0,2,15,5,73,543,481.0,0.31285714285714283
350.0,899.0,61,4.2,2262.0,1,1,5,166,853,549.0,0.389321468298109
159.0,399.0,60,4.1,4768.0,1,1,5,103,574,240.0,0.39849624060150374
349.0,399.0,13,4.4,18757.0,1,1,5,54,109,50.0,0.87468671679198
13999.0,24999.0,44,4.2,32840.0,2,15,4,79,1067,11000.0,0.5599823992959718
249.0,399.0,38,4.0,43994.0,1,1,5,185,571,150.0,0.6240601503759399
199.0,499.0,60,4.1,13045.0,1,1,5,107,597,300.0,0.39879759519038077
13490.0,21990.0,39,4.3,11976.0,2,15,4,71,934,8500.0,0.6134606639381537
970.0,1799.0,46,4.5,815.0,1,1,5,154,367,829.0,0.5391884380211228
279.0,499.0,44,3.7,10962.0,2,15,5,90,923,220.0,0.5591182364729459
13490.0,22900.0,41,4.3,16299.0,2,15,4,99,1067,9410.0,0.5890829694323144
59.0,199.0,70,4.0,9378.0,1,1,5,43,566,140.0,0.2964824120603015
11499.0,19990.0,42,4.3,4703.0,2,15,4,84,1374,8491.0,0.5752376188094047
199.0,699.0,72,4.2,12153.0,2,15,5,147,694,500.0,0.28469241773962806
14999.0,19999.0,25,4.2,34899.0,2,15,4,77,1181,5000.0,0.7499874993749688
299.0,399.0,25,4.0,2766.0,1,1,5,116,707,100.0,0.7493734335839599
970.0,1999.0,51,4.4,184.0,1,1,5,159,366,1029.0,0.4852426213106553
299.0,999.0,70,4.3,20850.0,1,1,5,66,633,700.0,0.2992992992992993
199.0,750.0,73,4.5,74976.0,1,1,5,115,673,551.0,0.2653333333333333
179.0,499.0,64,4.0,1934.0,1,1,5,187,401,320.0,0.3587174348697395
389.0,1099.0,65,4.3,974.0,1,1,5,188,773,710.0,0.353958143767061
599.0,599.0,0,4.3,355.0,1,1,5,63,123,0.0,1.0
199.0,999.0,80,3.9,1075.0,1,1,5,197,918,800.0,0.1991991991991992
99.0,666.66,85,3.9,24871.0,1,1,5,171,790,567.66,0.14850148501485017
899.0,1900.0,53,4.4,13552.0,1,1,5,127,857,1001.0,0.4731578947368421
199.0,999.0,80,4.0,576.0,1,1,5,194,1491,800.0,0.1991991991991992
32999.0,45999.0,28,4.2,7298.0,2,15,4,86,972,13000.0,0.7173851605469684
970.0,1999.0,51,4.2,462.0,1,1,5,170,288,1029.0,0.4852426213106553
209.0,695.0,70,4.5,107687.0,1,1,5,106,405,486.0,0.30071942446043165
19999.0,34999.0,43,4.3,27151.0,2,15,4,67,1272,15000.0,0.571416326180748
399.0,1099.0,64,4.2,24269.0,1,1,5,120,761,700.0,0.3630573248407643
999.0,1599.0,38,4.3,12093.0,1,22,4,194,708,600.0,0.624765478424015
59.0,199.0,70,4.0,9378.0,1,1,5,178,497,140.0,0.2964824120603015
333.0,999.0,67,3.3,9792.0,1,1,5,150,783,666.0,0.3333333333333333
507.0,1208.0,58,4.1,8131.0,1,22,4,57,386,701.0,0.4197019867549669
309.0,475.0,35,4.4,426973.0,2,15,5,83,672,166.0,0.6505263157894737
399.0,999.0,60,3.6,493.0,2,15,4,205,800,600.0,0.3993993993993994
199.0,395.0,50,4.2,92595.0,1,1,5,135,373,196.0,0.5037974683544304
1199.0,2199.0,45,4.4,24780.0,1,22,4,206,819,1000.0,0.5452478399272397
179.0,500.0,64,4.2,92595.0,1,1,5,105,407,321.0,0.358
799.0,2100.0,62,4.3,8188.0,1,1,5,138,138,1301.0,0.38047619047619047
6999.0,12999.0,46,4.2,4003.0,2,15,4,67,939,6000.0,0.5384260327717517
199.0,349.0,43,4.1,314.0,1,1,5,113,481,150.0,0.5702005730659025
230.0,499.0,54,3.7,2960.0,2,15,4,25,86,269.0,0.46092184368737477
649.0,1399.0,54,4.2,179691.0,1,22,4,200,667,750.0,0.4639027877055039
15999.0,21999.0,27,4.2,34899.0,2,15,4,79,1003,6000.0,0.7272603300150007
348.0,1499.0,77,4.2,656.0,1,1,5,162,671,1151.0,0.23215476984656438
154.0,349.0,56,4.3,7064.0,1,1,5,96,588,195.0,0.44126074498567336
179.0,799.0,78,3.7,2201.0,2,15,4,92,108,620.0,0.22403003754693368
32990.0,47900.0,31,4.3,7109.0,2,15,4,93,1163,14910.0,0.6887265135699374
139.0,999.0,86,4.0,1313.0,1,1,5,79,537,860.0,0.13913913913913914
329.0,845.0,61,4.2,29746.0,1,1,5,84,699,516.0,0.3893491124260355
13999.0,24999.0,44,4.2,45238.0,2,15,4,91,1483,11000.0,0.5599823992959718
309.0,1400.0,78,4.4,426973.0,2,15,5,58,743,1091.0,0.22071428571428572
263.0,699.0,62,4.1,450.0,1,1,5,128,1218,436.0,0.37625178826895567
7999.0,14990.0,47,4.3,457.0,2,15,4,63,871,6991.0,0.5336224149432955
1599.0,2999.0,47,4.2,2727.0,2,15,5,99,103,1400.0,0.5331777259086362
219.0,700.0,69,4.3,20053.0,1,1,5,102,675,481.0,0.31285714285714283
349.0,899.0,61,4.5,149.0,1,1,5,242,1312,550.0,0.3882091212458287
349.0,599.0,42,4.1,210.0,1,1,5,185,1055,250.0,0.5826377295492488
26999.0,42999.0,37,4.2,45238.0,2,15,4,82,1332,16000.0,0.627898323216819
115.0,499.0,77,4.0,7732.0,1,1,5,171,313,384.0,0.23046092184368738
399.0,999.0,60,4.1,1780.0,1,1,5,183,653,600.0,0.3993993993993994
199.0,499.0,60,4.1,602.0,1,1,5,186,391,300.0,0.39879759519038077
179.0,399.0,55,4.0,1423.0,1,1,5,172,792,220.0,0.44862155388471175
10901.0,30990.0,65,4.1,398.0,2,15,4,77,984,20089.0,0.3517586318167151
209.0,499.0,58,3.9,536.0,1,1,5,155,1201,290.0,0.4188376753507014
1434.0,3999.0,64,4.0,32.0,2,15,4,16,848,2565.0,0.35858964741185295
399.0,1099.0,64,4.2,24269.0,1,1,5,90,967,700.0,0.3630573248407643
139.0,249.0,44,4.0,9378.0,1,1,5,166,557,110.0,0.5582329317269076
7299.0,19125.0,62,3.4,902.0,2,15,4,70,1088,11826.0,0.3816470588235294
299.0,799.0,63,4.4,28791.0,1,1,5,77,722,500.0,0.3742177722152691
325.0,1299.0,75,4.2,10576.0,1,1,5,200,1186,974.0,0.2501924557351809
29999.0,39999.0,25,4.2,7298.0,2,15,4,86,1171,10000.0,0.7499937498437461
27999.0,40990.0,32,4.3,4703.0,2,15,4,88,1482,12991.0,0.6830690412295682
30990.0,52900.0,41,4.3,7109.0,2,15,4,89,954,21910.0,0.5858223062381852
199.0,999.0,80,4.5,127.0,1,1,5,206,1181,800.0,0.1991991991991992
649.0,1999.0,68,4.2,24269.0,1,1,5,124,761,1350.0,0.3246623311655828
269.0,800.0,66,3.6,10134.0,1,22,4,197,425,531.0,0.33625
24999.0,31999.0,22,4.2,34899.0,2,15,4,79,1003,7000.0,0.7812431638488703
299.0,699.0,57,4.2,94363.0,1,1,5,190,699,400.0,0.42775393419170243
199.0,999.0,80,4.1,425.0,1,1,5,73,756,800.0,0.1991991991991992
18990.0,40990.0,54,4.2,6659.0,2,15,4,79,979,22000.0,0.4632837277384728
290.0,349.0,17,3.7,1977.0,1,22,4,137,214,59.0,0.830945558739255
249.0,799.0,69,3.8,1079.0,2,15,4,162,357,550.0,0.311639549436796
345.0,999.0,65,3.7,1097.0,1,1,5,130,413,654.0,0.34534534534534533
1099.0,1899.0,42,4.5,22420.0,1,22,4,78,426,800.0,0.5787256450763559
719.0,1499.0,52,4.1,1045.0,1,1,5,220,1634,780.0,0.47965310206804534
349.0,1499.0,77,4.3,4145.0,2,15,4,119,743,1150.0,0.23282188125416944
849.0,1809.0,53,4.3,6547.0,1,1,5,139,138,960.0,0.4693200663349917
299.0,899.0,67,4.0,1588.0,2,15,4,163,266,600.0,0.3325917686318131
21999.0,29999.0,27,4.2,32840.0,2,15,4,127,1068,8000.0,0.7333244441481382
349.0,999.0,65,4.2,13120.0,1,1,5,144,677,650.0,0.34934934934934936
399.0,999.0,60,4.3,2806.0,1,1,5,189,1445,600.0,0.3993993993993994
449.0,1299.0,65,4.2,24269.0,1,1,5,134,956,850.0,0.34565050038491146
299.0,999.0,70,4.3,766.0,1,1,5,101,745,700.0,0.2992992992992993
37999.0,65000.0,42,4.3,3587.0,2,15,4,78,1359,27001.0,0.5846
99.0,800.0,88,3.9,24871.0,1,1,5,173,764,701.0,0.12375
7390.0,20000.0,63,4.1,2581.0,2,15,4,70,738,12610.0,0.3695
273.1,999.0,73,4.3,20850.0,1,1,5,66,645,725.9,0.2733733733733734
15990.0,23990.0,33,4.3,1035.0,2,15,4,70,1247,8000.0,0.6665277198832847
399.0,999.0,60,4.1,1780.0,1,1,5,178,652,600.0,0.3993993993993994
399.0,1999.0,80,4.5,505.0,2,15,4,174,622,1600.0,0.19959979989994997
210.0,399.0,47,4.1,1717.0,1,1,5,128,642,189.0,0.5263157894736842
1299.0,1999.0,35,3.6,590.0,2,15,4,116,123,700.0,0.6498249124562281
347.0,999.0,65,3.5,1121.0,1,1,5,199,1018,652.0,0.34734734734734735
149.0,999.0,85,4.0,1313.0,1,1,5,104,346,850.0,0.14914914914914915
228.0,899.0,75,3.8,132.0,1,1,5,127,60,671.0,0.25361512791991103
1599.0,1999.0,20,4.4,1951.0,1,1,5,146,98,400.0,0.7998999499749875
1499.0,3999.0,63,3.7,37.0,2,15,4,138,594,2500.0,0.37484371092773194
8499.0,15999.0,47,4.3,592.0,2,15,4,91,1003,7500.0,0.5312207012938308
20990.0,44990.0,53,4.1,1259.0,2,15,4,84,1283,24000.0,0.4665481218048455
32999.0,44999.0,27,4.2,45238.0,2,15,4,80,1206,12000.0,0.7333274072757172
799.0,1700.0,53,4.1,28638.0,2,15,5,66,261,901.0,0.47
229.0,595.0,62,4.3,12835.0,2,15,5,70,217,366.0,0.38487394957983195
9999.0,27990.0,64,4.2,1269.0,2,15,4,62,969,17991.0,0.3572347266881029
349.0,599.0,42,4.2,284.0,2,15,4,161,540,250.0,0.5826377295492488
489.0,1200.0,59,4.4,69538.0,2,15,5,86,591,711.0,0.4075
23999.0,34990.0,31,4.3,4703.0,2,15,4,88,1482,10991.0,0.6858816804801372
399.0,999.0,60,4.3,2806.0,1,1,5,148,1452,600.0,0.3993993993993994
349.0,1299.0,73,4.0,3295.0,2,12,5,152,9,950.0,0.2686682063125481
179.0,299.0,40,3.9,81.0,1,1,5,95,51,120.0,0.5986622073578596
689.0,1500.0,54,4.2,42301.0,1,1,5,139,138,811.0,0.4593333333333333
30990.0,49990.0,38,4.3,1376.0,2,15,4,74,1138,19000.0,0.6199239847969594
249.0,931.0,73,3.9,1075.0,1,1,5,168,817,682.0,0.26745435016111707
999.0,2399.0,58,4.6,3664.0,2,15,5,200,869,1400.0,0.4164235097957482
399.0,399.0,0,3.9,1951.0,2,15,4,83,149,0.0,1.0
349.0,699.0,50,4.3,20850.0,1,1,5,87,477,350.0,0.49928469241773965
399.0,1099.0,64,4.1,2685.0,1,1,5,156,1302,700.0,0.3630573248407643
1699.0,2999.0,43,4.4,24780.0,1,22,4,166,907,1300.0,0.5665221740580193
655.0,1099.0,40,3.2,285.0,2,15,4,165,757,444.0,0.5959963603275705
749.0,1339.0,44,4.2,179692.0,1,22,4,165,607,590.0,0.5593726661687827
9999.0,12999.0,23,4.2,6088.0,2,15,4,76,675,3000.0,0.7692130163858758
195.0,499.0,61,3.7,1383.0,2,15,4,89,35,304.0,0.3907815631262525
999.0,2100.0,52,4.5,5492.0,1,1,5,120,138,1101.0,0.4757142857142857
499.0,899.0,44,4.2,919.0,1,1,5,173,696,400.0,0.5550611790878754
416.0,599.0,31,4.2,30023.0,2,15,5,145,411,183.0,0.6944908180300501
368.0,699.0,47,4.2,387.0,1,1,5,131,471,331.0,0.5264663805436338
29990.0,65000.0,54,4.1,211.0,2,15,4,78,1235,35010.0,0.4613846153846154
339.0,1099.0,69,4.3,974.0,1,1,5,170,773,760.0,0.30846223839854414
15490.0,20900.0,26,4.3,16299.0,2,15,4,97,1258,5410.0,0.7411483253588517
499.0,1299.0,62,4.3,30411.0,1,1,5,100,47,800.0,0.38414164742109314
249.0,399.0,38,3.4,4642.0,1,22,4,92,330,150.0,0.6240601503759399
399.0,799.0,50,4.3,12.0,2,15,4,117,479,400.0,0.49937421777221525
1499.0,1999.0,25,4.4,1951.0,1,1,5,120,1273,500.0,0.7498749374687343
9490.0,15990.0,41,3.9,10480.0,2,15,3,175,577,6500.0,0.5934959349593496
637.0,1499.0,58,4.1,24.0,2,15,5,158,957,862.0,0.42494996664442963
399.0,899.0,56,3.9,254.0,2,15,4,192,1101,500.0,0.44382647385984425
1089.0,1600.0,32,4.0,3565.0,2,15,5,88,555,511.0,0.680625
339.0,999.0,66,4.3,6255.0,1,1,5,180,1028,660.0,0.33933933933933935
149.0,499.0,70,4.0,7732.0,1,1,5,163,312,350.0,0.2985971943887776
149.0,399.0,63,3.9,57.0,1,1,5,58,507,250.0,0.37343358395989973
599.0,849.0,29,4.5,577.0,1,1,5,152,504,250.0,0.7055359246171967
299.0,1199.0,75,3.9,1193.0,2,15,4,132,474,900.0,0.2493744787322769
399.0,1299.0,69,4.2,13120.0,1,1,5,146,815,900.0,0.3071593533487298
339.0,1999.0,83,4.0,343.0,2,15,4,160,176,1660.0,0.1695847923961981
12499.0,22990.0,46,4.3,1611.0,2,15,4,84,1231,10491.0,0.5436711613745107
249.0,399.0,38,4.0,6558.0,1,1,5,57,595,150.0,0.6240601503759399
1399.0,2499.0,44,4.4,23169.0,1,22,4,204,513,1100.0,0.5598239295718287
32999.0,47990.0,31,4.3,4703.0,2,15,4,88,1482,14991.0,0.6876224213377787
149.0,399.0,63,4.0,1423.0,1,1,5,170,858,250.0,0.37343358395989973
325.0,999.0,67,4.3,2651.0,1,1,5,201,1328,674.0,0.3253253253253253
399.0,1999.0,80,5.0,5.0,1,1,5,175,905,1600.0,0.19959979989994997
199.0,499.0,60,3.7,612.0,1,22,4,189,1341,300.0,0.39879759519038077
88.0,299.0,71,4.0,9378.0,1,1,5,186,771,211.0,0.29431438127090304
399.0,1099.0,64,4.1,2685.0,1,1,5,221,1201,700.0,0.3630573248407643
57.89,199.0,71,4.0,9378.0,1,1,5,198,676,141.11,0.2909045226130653
799.0,1999.0,60,3.3,576.0,2,15,4,112,854,1200.0,0.3996998499249625
205.0,499.0,59,3.8,313.0,2,15,4,140,192,294.0,0.41082164328657317
299.0,699.0,57,4.1,2957.0,1,1,5,126,512,400.0,0.42775393419170243
849.0,999.0,15,4.1,6736.0,1,1,5,86,391,150.0,0.8498498498498499
949.0,1999.0,53,4.4,13552.0,1,1,5,106,569,1050.0,0.4747373686843422
499.0,1200.0,58,4.3,5451.0,1,1,5,95,869,701.0,0.41583333333333333
299.0,485.0,38,4.3,10911.0,1,1,5,76,541,186.0,0.6164948453608248
949.0,1999.0,53,4.4,13552.0,1,1,5,106,530,1050.0,0.4747373686843422
379.0,1099.0,66,4.3,2806.0,1,1,5,148,1445,720.0,0.3448589626933576
8990.0,18990.0,53,3.9,350.0,2,15,4,101,1164,10000.0,0.473407056345445
486.0,1999.0,76,4.2,30023.0,2,15,5,145,462,1513.0,0.24312156078039018
5699.0,11000.0,48,4.2,4003.0,2,15,4,65,895,5301.0,0.518090909090909
709.0,1999.0,65,4.1,178817.0,1,1,5,80,798,1290.0,0.35467733866933465
47990.0,70900.0,32,4.3,7109.0,2,15,4,93,1163,22910.0,0.6768688293370945
299.0,1199.0,75,3.7,490.0,2,15,4,91,537,900.0,0.2493744787322769
320.0,599.0,47,4.1,491.0,1,1,5,141,355,279.0,0.5342237061769616
139.0,549.0,75,3.9,61.0,1,1,5,167,425,410.0,0.25318761384335153
129.0,249.0,48,4.0,9378.0,1,1,5,196,114,120.0,0.5180722891566265
24999.0,35999.0,31,4.2,32840.0,2,15,4,79,1068,11000.0,0.6944359565543488
999.0,1699.0,41,4.4,7318.0,1,1,5,115,24,700.0,0.5879929370217775
225.0,499.0,55,4.1,789.0,1,1,5,71,138,274.0,0.45090180360721444
547.0,2999.0,82,4.3,407.0,2,15,4,114,1172,2452.0,0.1823941313771257
259.0,699.0,63,3.8,2399.0,1,1,5,82,332,440.0,0.37052932761087265
239.0,699.0,66,4.4,2640.0,2,15,4,78,648,460.0,0.3419170243204578
349.0,999.0,65,4.0,839.0,2,15,4,132,239,650.0,0.34934934934934936
467.0,599.0,22,4.4,44054.0,2,15,5,124,940,132.0,0.7796327212020033
449.0,599.0,25,4.0,3231.0,1,1,5,146,517,150.0,0.7495826377295493
11990.0,31990.0,63,4.2,64.0,2,15,4,76,984,20000.0,0.3748046264457643
350.0,599.0,42,3.9,8314.0,1,1,5,61,639,249.0,0.5843071786310517
252.0,999.0,75,3.7,2249.0,1,1,5,146,841,747.0,0.25225225225225223
204.0,599.0,66,3.6,339.0,2,15,4,46,681,395.0,0.34056761268781305
6490.0,9990.0,35,4.0,27.0,2,15,3,192,1736,3500.0,0.6496496496496497
235.0,599.0,61,3.5,197.0,2,15,4,168,614,364.0,0.39232053422370616
299.0,800.0,63,4.5,74977.0,1,1,5,124,646,501.0,0.37375
799.0,1999.0,60,4.2,8583.0,1,1,5,84,564,1200.0,0.3996998499249625
299.0,999.0,70,3.8,928.0,2,15,4,103,388,700.0,0.2992992992992993
6999.0,16990.0,59,3.8,110.0,2,15,4,109,1031,9991.0,0.41194820482636846
42999.0,59999.0,28,4.1,6753.0,2,15,4,75,982,17000.0,0.7166619443657394
173.0,999.0,83,4.3,1237.0,2,15,5,81,24,826.0,0.17317317317317318
209.0,600.0,65,4.4,18872.0,2,12,4,32,860,391.0,0.34833333333333333
848.99,1490.0,43,3.9,356.0,1,1,5,200,662,641.01,0.5697919463087249
649.0,1999.0,68,4.2,24269.0,1,1,5,118,972,1350.0,0.3246623311655828
299.0,899.0,67,3.8,425.0,2,15,4,89,253,600.0,0.3325917686318131
399.0,799.0,50,4.1,1161.0,2,15,5,199,1917,400.0,0.49937421777221525
249.0,499.0,50,4.1,1508.0,1,1,5,131,1210,250.0,0.49899799599198397
1249.0,2299.0,46,4.3,7636.0,2,15,4,71,158,1050.0,0.5432796868203567
213.0,499.0,57,3.7,246.0,2,15,4,97,223,286.0,0.42685370741482964
209.0,499.0,58,4.0,479.0,2,15,4,91,274,290.0,0.4188376753507014
598.0,4999.0,88,4.2,910.0,2,15,5,138,872,4401.0,0.119623924784957
799.0,1749.0,54,4.1,5626.0,1,1,5,91,103,950.0,0.45683247570040025
159.0,595.0,73,4.3,14184.0,1,1,5,57,198,436.0,0.2672268907563025
499.0,1100.0,55,4.4,25177.0,1,1,5,78,402,601.0,0.4536363636363636
31999.0,49999.0,36,4.3,21252.0,2,15,4,80,1156,18000.0,0.6399927998559971
32990.0,56790.0,42,4.3,567.0,2,15,4,121,648,23800.0,0.5809121324176791
299.0,1199.0,75,3.5,466.0,2,15,4,180,433,900.0,0.2493744787322769
128.31,549.0,77,3.9,61.0,1,1,5,160,425,420.69,0.23371584699453551
599.0,849.0,29,4.5,474.0,1,1,5,152,504,250.0,0.7055359246171967
399.0,899.0,56,3.4,431.0,2,15,4,243,641,500.0,0.44382647385984425
449.0,1099.0,59,4.0,242.0,1,1,5,193,1133,650.0,0.40855323020928114
254.0,799.0,68,4.0,2905.0,1,1,5,198,1661,545.0,0.31789737171464333
399.0,795.0,50,4.4,12091.0,2,15,5,45,452,396.0,0.5018867924528302
179.0,399.0,55,4.0,1423.0,1,1,5,172,792,220.0,0.44862155388471175
339.0,999.0,66,4.3,6255.0,1,1,5,184,1028,660.0,0.33933933933933935
399.0,999.0,60,4.0,1236.0,2,15,5,120,1305,600.0,0.3993993993993994
199.0,399.0,50,4.2,1335.0,2,15,4,183,1025,200.0,0.49874686716791977
349.0,1999.0,83,3.8,197.0,2,15,4,88,858,1650.0,0.1745872936468234
299.0,798.0,63,4.4,28791.0,1,1,5,39,702,499.0,0.37468671679197996
89.0,800.0,89,3.9,1075.0,1,1,5,150,781,711.0,0.11125
549.0,995.0,45,4.2,29746.0,1,1,5,110,700,446.0,0.5517587939698493
129.0,1000.0,87,3.9,295.0,1,1,5,197,678,871.0,0.129
77990.0,139900.0,44,4.7,5935.0,2,15,4,80,1143,61910.0,0.5574696211579699
349.0,799.0,56,3.6,323.0,2,15,4,156,412,450.0,0.43679599499374216
499.0,899.0,44,3.7,185.0,2,15,4,156,734,400.0,0.5550611790878754
299.0,799.0,63,4.2,2117.0,1,1,5,91,556,500.0,0.3742177722152691
182.0,599.0,70,4.0,9378.0,1,1,5,199,667,417.0,0.3038397328881469
96.0,399.0,76,3.6,1796.0,2,15,5,74,343,303.0,0.24060150375939848
54990.0,85000.0,35,4.3,3587.0,2,15,4,78,1359,30010.0,0.6469411764705882
439.0,758.0,42,4.2,4296.0,2,15,5,187,1287,319.0,0.579155672823219
299.0,999.0,70,4.3,2651.0,1,1,5,179,1123,700.0,0.2992992992992993
299.0,799.0,63,4.2,94363.0,1,1,5,52,721,500.0,0.3742177722152691
789.0,1999.0,61,4.2,34540.0,1,1,5,97,785,1210.0,0.39469734867433715
299.0,700.0,57,4.4,8714.0,2,15,5,70,762,401.0,0.42714285714285716
325.0,1099.0,70,4.2,10576.0,1,1,5,101,810,774.0,0.29572338489535943
1299.0,1999.0,35,4.4,7318.0,1,1,5,131,73,700.0,0.6498249124562281
790.0,1999.0,60,3.0,103.0,2,15,4,147,524,1209.0,0.3951975987993997
4699.0,4699.0,0,4.5,224.0,2,12,4,24,67,0.0,1.0
18999.0,24990.0,24,4.3,4702.0,2,15,4,84,1247,5991.0,0.7602641056422569
199.0,999.0,80,4.2,85.0,1,1,5,63,181,800.0,0.1991991991991992
269.0,650.0,59,4.4,35877.0,2,15,5,104,597,381.0,0.41384615384615386
1990.0,3100.0,36,4.0,897.0,2,15,3,183,1448,1110.0,0.6419354838709678
2299.0,3999.0,43,3.8,282.0,2,12,4,142,822,1700.0,0.5748937234308578
35999.0,49990.0,28,4.3,1611.0,2,15,4,89,1277,13991.0,0.720124024804961
349.0,999.0,65,4.2,513.0,2,15,4,125,719,650.0,0.34934934934934936
719.0,1499.0,52,4.1,1045.0,1,1,5,216,1606,780.0,0.47965310206804534
8999.0,18999.0,53,4.0,6347.0,2,15,4,66,1018,10000.0,0.4736565082372756
917.0,2299.0,60,4.2,3300.0,2,15,4,100,406,1382.0,0.3988690735102218
399.0,999.0,60,3.3,23.0,2,15,4,130,230,600.0,0.3993993993993994
45999.0,69900.0,34,4.3,7109.0,2,15,4,89,1118,23901.0,0.658068669527897
119.0,299.0,60,3.8,51.0,1,1,5,77,396,180.0,0.3979933110367893
21999.0,29999.0,27,4.2,32840.0,2,15,4,82,1123,8000.0,0.7333244441481382
299.0,599.0,50,3.7,708.0,2,15,4,62,301,300.0,0.4991652754590985
21990.0,34990.0,37,4.3,1657.0,2,15,4,81,1386,13000.0,0.6284652757930838
417.44,670.0,38,3.9,523.0,1,1,5,165,664,252.56,0.623044776119403
199.0,999.0,80,3.0,5179.0,1,1,5,130,488,800.0,0.1991991991991992
47990.0,79990.0,40,4.3,1376.0,2,15,4,74,1138,32000.0,0.5999499937492186
215.0,499.0,57,3.5,121.0,2,15,4,39,55,284.0,0.4308617234468938
99.0,800.0,88,3.9,1075.0,1,1,5,164,764,701.0,0.12375
18999.0,35000.0,46,4.0,1001.0,2,15,4,70,1098,16001.0,0.5428285714285714
249.0,999.0,75,4.3,112.0,1,1,5,117,630,750.0,0.24924924924924924
7999.0,15999.0,50,3.8,3022.0,2,15,4,63,570,8000.0,0.4999687480467529
649.0,1600.0,59,4.3,5451.0,1,1,5,112,968,951.0,0.405625
1289.0,2499.0,48,3.3,73.0,2,15,4,16,860,1210.0,0.5158063225290116
609.0,1500.0,59,4.5,1029.0,2,15,5,86,543,891.0,0.406
32990.0,54990.0,40,4.1,1555.0,2,15,4,89,1321,22000.0,0.5999272595017275
599.0,1999.0,70,4.2,47.0,2,15,5,227,1681,1400.0,0.29964982491245623
349.0,899.0,61,4.1,14896.0,1,1,5,82,684,550.0,0.3882091212458287
29999.0,50999.0,41,4.4,1712.0,2,15,4,66,1087,21000.0,0.5882272201415714
199.0,399.0,50,4.2,1335.0,2,15,4,183,1025,200.0,0.49874686716791977
349.0,699.0,50,3.9,214.0,2,15,4,154,604,350.0,0.49928469241773965
1850.0,4500.0,59,4.0,184.0,2,15,5,114,861,2650.0,0.4111111111111111
13990.0,28900.0,52,4.5,7.0,2,15,3,198,1342,14910.0,0.48408304498269894
129.0,449.0,71,3.7,41.0,1,1,5,85,714,320.0,0.2873051224944321
379.0,999.0,62,4.2,12153.0,2,15,5,101,594,620.0,0.3793793793793794
185.0,499.0,63,4.2,25.0,2,15,5,87,121,314.0,0.37074148296593185
218.0,999.0,78,4.2,163.0,1,22,4,152,984,781.0,0.2182182182182182
199.0,999.0,80,4.3,87.0,1,1,5,145,228,800.0,0.1991991991991992
499.0,900.0,45,4.4,2165.0,2,15,5,88,460,401.0,0.5544444444444444
26999.0,42999.0,37,4.2,1510.0,2,15,4,104,1409,16000.0,0.627898323216819
893.0,1052.0,15,4.3,106.0,2,15,5,156,1201,159.0,0.8488593155893536
10990.0,19990.0,45,3.7,129.0,2,15,4,86,547,9000.0,0.5497748874437218
379.0,1099.0,66,4.3,3049.0,1,1,5,199,1202,720.0,0.3448589626933576
16999.0,25999.0,35,4.2,32840.0,2,15,4,78,1230,9000.0,0.6538328397246048
699.0,1899.0,63,4.4,390.0,2,15,5,190,1990,1200.0,0.36808846761453395
2699.0,3500.0,23,3.5,621.0,2,15,4,77,734,801.0,0.7711428571428571
129.0,599.0,78,4.1,265.0,1,1,5,125,342,470.0,0.21535893155258765
389.0,999.0,61,4.3,838.0,1,1,5,164,1221,610.0,0.3893893893893894
246.0,600.0,59,4.2,143.0,2,15,4,111,814,354.0,0.41
299.0,799.0,63,4.0,151.0,1,1,5,195,588,500.0,0.3742177722152691
247.0,399.0,38,3.9,200.0,2,15,4,183,302,152.0,0.6190476190476191
1369.0,2999.0,54,3.3,227.0,2,15,4,150,1085,1630.0,0.45648549516505504
199.0,499.0,60,3.8,538.0,2,15,4,166,291,300.0,0.39879759519038077
299.0,599.0,50,4.0,171.0,2,15,5,66,1054,300.0,0.4991652754590985
14999.0,14999.0,0,4.3,27508.0,2,15,4,76,753,0.0,1.0
299.0,699.0,57,3.9,1454.0,1,1,5,92,332,400.0,0.42775393419170243
24990.0,51990.0,52,4.2,2951.0,2,15,4,80,911,27000.0,0.48066935949221
249.0,999.0,75,5.0,5179.0,1,1,5,189,1459,750.0,0.24924924924924924
61999.0,69999.0,11,4.1,6753.0,2,15,4,75,1032,8000.0,0.8857126530379006
24499.0,50000.0,51,3.9,3518.0,2,15,4,79,1857,25501.0,0.48998
10499.0,19499.0,46,4.2,1510.0,2,15,4,84,884,9000.0,0.5384378686086466
349.0,999.0,65,4.3,838.0,1,1,5,172,1332,650.0,0.34934934934934936
197.0,499.0,61,3.8,136.0,2,15,4,36,443,302.0,0.39478957915831664
1299.0,2499.0,48,4.3,301.0,2,15,4,137,707,1200.0,0.5198079231692677
1519.0,1899.0,20,4.4,19763.0,1,1,5,201,1082,380.0,0.7998946814112691
46999.0,69999.0,33,4.3,21252.0,2,15,4,82,1154,23000.0,0.671423877483964
299.0,799.0,63,4.3,1902.0,1,1,5,189,626,500.0,0.3742177722152691
1799.0,19999.0,91,4.2,13937.0,2,28,3,153,1139,18200.0,0.08995449772488624
1998.0,9999.0,80,4.3,27696.0,2,28,3,144,2012,8001.0,0.1998199819981998
1999.0,7990.0,75,3.8,17831.0,2,28,3,200,949,5991.0,0.25018773466833544
2049.0,2199.0,7,4.3,178912.0,2,20,5,135,228,150.0,0.931787175989086
6499.0,8999.0,28,4.0,7807.0,2,20,4,127,348,2500.0,0.722191354594955
28999.0,28999.0,0,4.3,17415.0,2,20,4,53,938,0.0,1.0
28999.0,28999.0,0,4.3,17415.0,2,20,4,56,667,0.0,1.0
6499.0,8999.0,28,4.0,7807.0,2,20,4,122,348,2500.0,0.722191354594955
6499.0,8999.0,28,4.0,7807.0,2,20,4,123,348,2500.0,0.722191354594955
569.0,1000.0,43,4.4,67259.0,2,0,4,85,272,431.0,0.569
1898.0,4999.0,62,4.1,10689.0,2,28,3,193,848,3101.0,0.3796759351870374
1299.0,1599.0,19,4.0,128311.0,2,20,4,75,315,300.0,0.8123827392120075
1499.0,6990.0,79,3.9,21796.0,2,28,3,191,759,5491.0,0.21444921316165952
599.0,999.0,40,4.1,192590.0,2,10,4,135,613,400.0,0.5995995995995996
9499.0,11999.0,21,4.2,284.0,2,20,4,120,450,2500.0,0.7916493041086757
599.0,2499.0,76,3.9,58162.0,2,10,4,199,657,1900.0,0.23969587835134054
8999.0,11999.0,25,4.0,12796.0,2,20,4,150,435,3000.0,0.7499791649304108
349.0,1299.0,73,4.0,14282.0,2,20,5,122,1091,950.0,0.2686682063125481
349.0,999.0,65,4.1,363713.0,2,10,4,62,1222,650.0,0.34934934934934936
959.0,1800.0,47,4.4,67259.0,2,0,4,86,272,841.0,0.5327777777777778
9499.0,11999.0,21,4.2,284.0,2,20,4,122,450,2500.0,0.7916493041086757
1499.0,2499.0,40,4.3,15970.0,2,20,5,161,123,1000.0,0.5998399359743898
1149.0,2199.0,48,4.3,178912.0,2,20,5,110,119,1050.0,0.5225102319236017
349.0,999.0,65,3.9,46399.0,2,20,5,96,600,650.0,0.34934934934934936
1219.0,1699.0,28,4.4,8891.0,2,20,5,58,848,480.0,0.7174808711006474
1599.0,3999.0,60,4.0,30254.0,2,28,3,189,1074,2400.0,0.39984996249062266
1499.0,7999.0,81,4.2,22636.0,2,28,3,130,1757,6500.0,0.1873984248031004
18499.0,25999.0,29,4.1,22318.0,2,20,4,150,609,7500.0,0.7115273664371706
369.0,700.0,47,4.4,67259.0,2,0,4,48,324,331.0,0.5271428571428571
12999.0,17999.0,28,4.1,18998.0,2,20,4,99,567,5000.0,0.7222067892660703
1799.0,19999.0,91,4.2,13937.0,2,28,3,153,1139,18200.0,0.08995449772488624
2199.0,9999.0,78,4.2,29471.0,2,28,3,178,2329,7800.0,0.21992199219921993
16999.0,24999.0,32,4.1,22318.0,2,20,4,149,512,8000.0,0.6799871994879795
16499.0,20999.0,21,4.0,21350.0,2,20,4,126,1107,4500.0,0.7857040811467213
1799.0,19999.0,91,4.2,13937.0,2,28,3,153,1139,18200.0,0.08995449772488624
399.0,1099.0,64,4.2,24270.0,1,1,5,162,960,700.0,0.3630573248407643
8499.0,10999.0,23,4.1,313836.0,2,20,4,92,377,2500.0,0.7727066096917902
6499.0,8499.0,24,4.1,313836.0,2,20,4,107,504,2000.0,0.7646781974349923
1799.0,19999.0,91,4.2,13937.0,2,28,3,153,1139,18200.0,0.08995449772488624
8999.0,11999.0,25,4.0,12796.0,2,20,4,144,435,3000.0,0.7499791649304108
139.0,495.0,72,4.3,14185.0,2,20,5,45,101,356.0,0.2808080808080808
3999.0,16999.0,76,4.3,17159.0,2,28,3,173,2455,13000.0,0.23524913230190012
2998.0,5999.0,50,4.1,5179.0,2,28,3,184,993,3001.0,0.49974995832638774
199.0,349.0,43,4.0,43993.0,1,1,5,193,605,150.0,0.5702005730659025
15499.0,18999.0,18,4.1,19252.0,2,20,4,181,933,3500.0,0.8157797778830465
199.0,999.0,80,3.9,7928.0,1,1,5,136,990,800.0,0.1991991991991992
1799.0,19999.0,91,4.2,13937.0,2,28,3,153,1139,18200.0,0.08995449772488624
8999.0,11999.0,25,4.0,12796.0,2,20,4,146,435,3000.0,0.7499791649304108
873.0,1699.0,49,4.4,1680.0,2,20,5,180,384,826.0,0.5138316656856975
12999.0,15999.0,19,4.2,13246.0,2,20,4,123,599,3000.0,0.8124882805175323
539.0,1599.0,66,3.8,14648.0,2,20,5,198,780,1060.0,0.33708567854909316
1999.0,9999.0,80,4.3,27696.0,2,28,3,144,2016,8000.0,0.1999199919991999
15490.0,20990.0,26,4.2,32916.0,2,20,4,96,599,5500.0,0.7379704621248213
19999.0,24999.0,20,3.9,25824.0,2,20,4,158,629,5000.0,0.7999919996799872
1075.0,1699.0,37,4.4,7462.0,2,20,5,76,808,624.0,0.6327251324308417
399.0,699.0,43,4.0,37817.0,2,10,4,59,400,300.0,0.5708154506437768
1999.0,3990.0,50,4.0,30254.0,2,28,3,173,1064,1991.0,0.5010025062656641
1999.0,7990.0,75,3.8,17831.0,2,28,3,195,949,5991.0,0.25018773466833544
329.0,699.0,53,4.2,94364.0,1,1,5,199,699,370.0,0.47067238912732473
154.0,399.0,61,4.2,16905.0,1,1,5,110,574,245.0,0.38596491228070173
28999.0,34999.0,17,4.4,20311.0,2,20,4,88,509,6000.0,0.8285665304722992
2299.0,7990.0,71,4.2,69622.0,2,28,3,194,976,5691.0,0.2877346683354193
399.0,1999.0,80,4.0,3382.0,2,20,5,197,594,1600.0,0.19959979989994997
1149.0,3999.0,71,4.3,140036.0,2,0,4,110,420,2850.0,0.2873218304576144
529.0,1499.0,65,4.1,8599.0,2,20,5,194,905,970.0,0.35290193462308206
13999.0,19499.0,28,4.1,18998.0,2,20,4,102,542,5500.0,0.7179342530386174
379.0,999.0,62,4.1,363713.0,2,10,4,63,1296,620.0,0.3793793793793794
13999.0,19999.0,30,4.1,19252.0,2,20,4,148,614,6000.0,0.6999849992499625
3999.0,9999.0,60,4.4,73.0,2,28,3,170,1058,6000.0,0.39993999399939995
149.0,1000.0,85,3.9,24870.0,1,1,5,193,820,851.0,0.149
99.0,499.0,80,4.3,42641.0,2,20,4,200,1071,400.0,0.19839679358717435
4790.0,15990.0,70,4.0,4390.0,2,10,4,111,657,11200.0,0.29956222639149466
33999.0,33999.0,0,4.3,17415.0,2,20,4,54,666,0.0,1.0
99.0,999.0,90,4.0,1396.0,1,1,4,174,772,900.0,0.0990990990990991
299.0,1900.0,84,3.6,18202.0,2,10,4,155,533,1601.0,0.15736842105263157
10999.0,14999.0,27,4.1,18998.0,2,20,4,97,566,4000.0,0.7333155543702914
34999.0,38999.0,10,4.2,11029.0,2,20,4,68,751,4000.0,0.89743326751968
16999.0,24999.0,32,4.1,22318.0,2,20,4,149,512,8000.0,0.6799871994879795
199.0,499.0,60,4.1,1786.0,2,20,4,136,631,300.0,0.39879759519038077
999.0,1599.0,38,4.0,7222.0,2,20,5,197,852,600.0,0.624765478424015
1299.0,1599.0,19,4.0,128311.0,2,20,4,71,315,300.0,0.8123827392120075
599.0,1800.0,67,3.5,83996.0,2,10,4,196,597,1201.0,0.3327777777777778
599.0,1899.0,68,4.3,140036.0,2,0,4,108,420,1300.0,0.3154291732490785
1799.0,2499.0,28,4.1,18678.0,2,20,5,180,832,700.0,0.7198879551820728
176.63,499.0,65,4.1,15189.0,1,1,5,111,851,322.37,0.35396793587174347
10999.0,14999.0,27,4.1,18998.0,2,20,4,100,566,4000.0,0.7333155543702914
2999.0,7990.0,62,4.1,48449.0,2,28,3,191,976,4991.0,0.3753441802252816
1999.0,7990.0,75,3.8,17831.0,2,28,3,199,949,5991.0,0.25018773466833544
229.0,299.0,23,4.3,30411.0,1,1,5,38,261,70.0,0.7658862876254181
199.0,299.0,33,4.0,43994.0,1,1,5,183,580,100.0,0.6655518394648829
649.0,999.0,35,4.2,1315.0,2,20,5,65,29,350.0,0.6496496496496497
13999.0,19499.0,28,4.1,18998.0,2,20,4,102,542,5500.0,0.7179342530386174
119.0,299.0,60,4.1,5999.0,2,20,4,196,1547,180.0,0.3979933110367893
12999.0,17999.0,28,4.1,50772.0,2,20,4,130,519,5000.0,0.7222067892660703
154.0,339.0,55,4.3,13391.0,1,1,5,126,642,185.0,0.45427728613569324
20999.0,26999.0,22,3.9,25824.0,2,20,4,158,554,6000.0,0.77776954702026
249.0,649.0,62,4.0,14404.0,2,20,5,177,1228,400.0,0.38366718027734975
99.0,171.0,42,4.5,11339.0,2,20,5,85,89,72.0,0.5789473684210527
489.0,1999.0,76,4.0,3626.0,2,20,5,182,1338,1510.0,0.24462231115557778
369.0,1600.0,77,4.0,32625.0,2,0,4,54,516,1231.0,0.230625
15499.0,20999.0,26,4.1,19252.0,2,20,4,148,537,5500.0,0.7380827658459926
15499.0,18999.0,18,4.1,19252.0,2,20,4,180,933,3500.0,0.8157797778830465
22999.0,28999.0,21,3.9,25824.0,2,20,4,158,441,6000.0,0.7930963136659884
599.0,1490.0,60,4.1,161679.0,2,10,4,64,1054,891.0,0.40201342281879193
134.0,699.0,81,4.1,16685.0,2,20,4,66,597,565.0,0.1917024320457797
7499.0,7999.0,6,4.0,30907.0,2,20,4,97,560,500.0,0.9374921865233155
1149.0,2199.0,48,4.3,178912.0,2,20,5,125,194,1050.0,0.5225102319236017
1324.0,1699.0,22,4.0,128311.0,2,20,4,108,417,375.0,0.7792819305473808
13999.0,19999.0,30,4.1,19252.0,2,20,4,148,537,6000.0,0.6999849992499625
299.0,799.0,63,4.2,94364.0,1,1,5,80,734,500.0,0.3742177722152691
999.0,1599.0,38,4.0,7222.0,2,20,5,197,853,600.0,0.624765478424015
12999.0,17999.0,28,4.1,18998.0,2,20,4,103,567,5000.0,0.7222067892660703
15490.0,20990.0,26,4.2,32916.0,2,20,4,93,649,5500.0,0.7379704621248213
999.0,2899.0,66,4.6,26603.0,2,20,5,84,371,1900.0,0.3446015867540531
1599.0,4999.0,68,4.0,67950.0,2,28,3,136,599,3400.0,0.3198639727945589
1324.0,1699.0,22,4.0,128311.0,2,20,4,113,417,375.0,0.7792819305473808
20999.0,29990.0,30,4.3,9499.0,2,20,4,135,702,8991.0,0.7002000666888963
999.0,1999.0,50,4.3,1777.0,2,20,5,62,273,1000.0,0.49974987493746875
12490.0,15990.0,22,4.2,58506.0,2,20,4,92,987,3500.0,0.7811131957473421
17999.0,21990.0,18,4.0,21350.0,2,20,4,126,1101,3991.0,0.8185084129149613
350.0,899.0,61,4.2,2263.0,1,1,5,166,853,549.0,0.389321468298109
1399.0,1630.0,14,4.0,9378.0,2,20,4,127,439,231.0,0.8582822085889571
159.0,399.0,60,4.1,4768.0,1,1,5,103,574,240.0,0.39849624060150374
1499.0,6990.0,79,3.9,21796.0,2,28,3,162,759,5491.0,0.21444921316165952
1999.0,7990.0,75,3.8,17833.0,2,28,3,197,949,5991.0,0.25018773466833544
999.0,2899.0,66,4.7,7779.0,2,20,5,96,386,1900.0,0.3446015867540531
2099.0,5999.0,65,4.3,17129.0,2,20,4,199,1812,3900.0,0.34989164860810135
337.0,699.0,52,4.2,4969.0,2,20,5,133,947,362.0,0.4821173104434907
2999.0,7990.0,62,4.1,154.0,2,28,3,200,1161,4991.0,0.3753441802252816
1299.0,5999.0,78,3.3,4415.0,2,28,3,197,1170,4700.0,0.21653608934822471
349.0,399.0,13,4.4,18757.0,1,1,5,54,109,50.0,0.87468671679198
16499.0,20990.0,21,4.0,21350.0,2,20,4,124,1101,4491.0,0.7860409718913769
499.0,499.0,0,4.2,31539.0,2,10,4,96,81,0.0,1.0
970.0,1799.0,46,4.5,815.0,1,1,5,154,367,829.0,0.5391884380211228
999.0,2899.0,66,4.6,6129.0,2,20,5,92,397,1900.0,0.3446015867540531
10499.0,13499.0,22,4.2,284.0,2,20,4,121,450,3000.0,0.7777613156530113
249.0,399.0,38,4.0,43994.0,1,1,5,185,571,150.0,0.6240601503759399
251.0,999.0,75,3.7,3234.0,2,20,5,160,1205,748.0,0.25125125125125125
199.0,499.0,60,4.1,13045.0,1,1,5,107,597,300.0,0.39879759519038077
6499.0,7999.0,19,4.1,313832.0,2,20,4,108,418,1500.0,0.8124765595699462
2999.0,9999.0,70,4.2,20879.0,2,28,3,179,2646,7000.0,0.29992999299929995
279.0,1499.0,81,4.2,2646.0,2,20,5,119,418,1220.0,0.18612408272181455
269.0,1499.0,82,4.5,28978.0,2,20,4,119,750,1230.0,0.17945296864576385
8999.0,13499.0,33,3.8,3145.0,2,20,4,100,847,4500.0,0.666641973479517
59.0,199.0,70,4.0,9377.0,1,1,5,43,566,140.0,0.2964824120603015
599.0,1299.0,54,4.1,192589.0,2,10,4,158,277,700.0,0.4611239414934565
349.0,999.0,65,3.8,16557.0,2,20,4,167,1110,650.0,0.34934934934934936
13999.0,19499.0,28,4.1,18998.0,2,20,4,102,542,5500.0,0.7179342530386174
349.0,999.0,65,3.8,16557.0,2,20,4,168,1083,650.0,0.34934934934934936
499.0,599.0,17,4.2,21916.0,2,20,5,66,286,100.0,0.8330550918196995
2199.0,9999.0,78,4.2,29472.0,2,28,3,178,2317,7800.0,0.21992199219921993
95.0,499.0,81,4.2,1949.0,2,20,4,142,885,404.0,0.1903807615230461
139.0,249.0,44,4.0,9377.0,1,1,5,185,557,110.0,0.5582329317269076
4499.0,7999.0,44,3.5,37.0,2,28,3,182,892,3500.0,0.5624453056632079
89.0,599.0,85,4.3,2351.0,2,20,4,69,856,510.0,0.14858096828046743
15499.0,20999.0,26,4.1,19253.0,2,20,4,148,537,5500.0,0.7380827658459926
13999.0,15999.0,13,3.9,2180.0,2,20,4,124,482,2000.0,0.8749921870116882
1999.0,4999.0,60,3.9,7571.0,2,28,3,184,817,3000.0,0.39987997599519903
1399.0,5999.0,77,3.3,4415.0,2,28,3,199,1393,4600.0,0.23320553425570928
599.0,999.0,40,4.0,18654.0,2,20,5,70,624,400.0,0.5995995995995996
199.0,1099.0,82,4.0,3197.0,2,20,5,186,851,900.0,0.181073703366697
1799.0,6990.0,74,4.0,26880.0,2,28,3,199,846,5191.0,0.25736766809728184
1499.0,6990.0,79,3.9,21796.0,2,28,3,178,759,5491.0,0.21444921316165952
20999.0,29990.0,30,4.3,9499.0,2,20,4,137,702,8991.0,0.7002000666888963
12999.0,13499.0,4,4.1,56098.0,2,20,4,60,758,500.0,0.9629602192755019
16999.0,20999.0,19,4.1,31822.0,2,20,4,179,615,4000.0,0.8095147387970856
19999.0,27990.0,29,4.3,9499.0,2,20,4,135,775,7991.0,0.7145051804215792
12999.0,18999.0,32,4.1,50772.0,2,20,4,131,519,6000.0,0.6841939049423654
2999.0,5999.0,50,4.1,7148.0,2,28,3,185,911,3000.0,0.4999166527754626
299.0,999.0,70,4.3,20850.0,1,1,5,66,633,700.0,0.2992992992992993
970.0,1999.0,51,4.4,184.0,1,1,5,159,366,1029.0,0.4852426213106553
329.0,999.0,67,4.2,3492.0,2,20,5,171,974,670.0,0.32932932932932935
1299.0,5999.0,78,3.3,4415.0,2,28,3,197,1229,4700.0,0.21653608934822471
1989.0,3500.0,43,4.4,67260.0,2,0,4,86,272,1511.0,0.5682857142857143
1999.0,9999.0,80,4.3,27704.0,2,28,3,144,2016,8000.0,0.1999199919991999
12999.0,18999.0,32,4.1,50772.0,2,20,4,132,519,6000.0,0.6841939049423654
1499.0,4999.0,70,4.0,92588.0,2,28,3,102,589,3500.0,0.2998599719943989
16999.0,20999.0,19,4.1,31822.0,2,20,4,184,578,4000.0,0.8095147387970856
1999.0,8499.0,76,4.3,240.0,2,28,3,197,1252,6500.0,0.23520414166372514
4999.0,6999.0,29,3.8,758.0,2,28,3,195,1429,2000.0,0.7142448921274468
99.0,666.66,85,3.9,24870.0,1,1,5,171,790,567.66,0.14850148501485017
2499.0,5999.0,58,3.7,828.0,2,28,3,183,780,3500.0,0.41656942823803966
1399.0,1630.0,14,4.0,9378.0,2,20,4,127,437,231.0,0.8582822085889571
1499.0,9999.0,85,4.2,22638.0,2,28,3,135,1649,8500.0,0.1499149914991499
899.0,1900.0,53,4.4,13552.0,1,1,5,127,857,1001.0,0.4731578947368421
249.0,599.0,58,3.9,2147.0,2,20,5,178,588,350.0,0.41569282136894825
299.0,1199.0,75,4.5,596.0,2,20,5,142,313,900.0,0.2493744787322769
79.0,499.0,84,4.2,1949.0,2,20,4,142,698,420.0,0.15831663326653306
13999.0,15999.0,13,3.9,2180.0,2,20,4,130,482,2000.0,0.8749921870116882
949.0,999.0,5,4.2,31539.0,2,10,4,61,103,50.0,0.94994994994995
99.0,499.0,80,4.1,2451.0,2,20,4,171,1067,400.0,0.19839679358717435
2499.0,7990.0,69,4.1,154.0,2,28,3,199,1297,5491.0,0.3127659574468085
689.0,1999.0,66,4.3,1193.0,2,20,5,192,1139,1310.0,0.344672336168084
499.0,1899.0,74,4.1,1475.0,2,20,5,187,1155,1400.0,0.26276987888362296
299.0,999.0,70,4.3,8891.0,2,20,5,159,1584,700.0,0.2992992992992993
209.0,499.0,58,3.6,104.0,2,20,4,160,1356,290.0,0.4188376753507014
8499.0,12999.0,35,4.1,6662.0,2,20,4,91,370,4500.0,0.6538195245788138
2179.0,3999.0,46,4.0,8380.0,2,20,5,182,447,1820.0,0.5448862215553888
16999.0,20999.0,19,4.1,31822.0,2,20,4,182,606,4000.0,0.8095147387970856
44999.0,49999.0,10,4.3,3075.0,2,20,4,56,963,5000.0,0.8999979999599992
2599.0,2999.0,13,3.9,14266.0,2,20,4,23,437,400.0,0.8666222074024675
2799.0,6499.0,57,4.1,38879.0,2,28,3,176,1126,3700.0,0.430681643329743
1399.0,2990.0,53,4.1,97175.0,2,10,4,119,683,1591.0,0.4678929765886288
649.0,2400.0,73,4.4,67260.0,2,0,4,48,287,1751.0,0.2704166666666667
799.0,3990.0,80,3.8,119.0,2,20,5,178,1045,3191.0,0.20025062656641604
149.0,149.0,0,4.3,10833.0,1,1,4,125,1163,0.0,1.0
799.0,2100.0,62,4.3,8188.0,1,1,5,138,138,1301.0,0.38047619047619047
3799.0,5299.0,28,3.5,1641.0,2,20,4,106,488,1500.0,0.7169277222117381
199.0,1899.0,90,4.0,4740.0,2,20,5,134,790,1700.0,0.10479199578725645
23999.0,32999.0,27,3.9,8866.0,2,20,4,153,473,9000.0,0.7272644625594715
29990.0,39990.0,25,4.3,8399.0,2,20,4,97,1161,10000.0,0.7499374843710928
281.0,1999.0,86,2.8,87.0,2,28,3,98,1158,1718.0,0.14057028514257128
7998.0,11999.0,33,3.8,125.0,2,20,4,40,180,4001.0,0.6665555462955246
249.0,999.0,75,4.5,38.0,2,28,3,117,412,750.0,0.24924924924924924
299.0,599.0,50,4.3,4674.0,2,20,5,156,444,300.0,0.4991652754590985
499.0,1899.0,74,4.1,412.0,2,28,3,162,1289,1400.0,0.26276987888362296
899.0,3499.0,74,3.0,681.0,2,28,3,166,1143,2600.0,0.25693055158616745
1599.0,3499.0,54,4.0,36384.0,2,20,5,74,343,1900.0,0.456987710774507
120.0,999.0,88,3.9,6491.0,2,10,3,167,860,879.0,0.12012012012012012
3999.0,6999.0,43,4.1,10229.0,2,28,3,185,826,3000.0,0.5713673381911701
12999.0,18999.0,32,4.1,50772.0,2,20,4,131,519,6000.0,0.6841939049423654
1599.0,2599.0,38,4.3,1801.0,2,20,5,108,339,1000.0,0.6152366294728742
699.0,1199.0,42,4.0,14404.0,2,20,5,212,1396,500.0,0.5829858215179317
99.0,999.0,90,4.4,305.0,2,20,5,124,1398,900.0,0.0990990990990991
7915.0,9999.0,21,4.3,1376.0,2,20,4,50,83,2084.0,0.7915791579157916
1499.0,7999.0,81,4.2,22638.0,2,28,3,134,1648,6500.0,0.1873984248031004
1055.0,1249.0,16,3.8,2352.0,2,20,4,128,122,194.0,0.844675740592474
150.0,599.0,75,4.3,714.0,2,20,5,152,413,449.0,0.25041736227045075
219.0,700.0,69,4.3,20052.0,1,1,5,102,675,481.0,0.31285714285714283
474.0,1799.0,74,4.3,1454.0,2,20,5,123,404,1325.0,0.2634797109505281
115.0,499.0,77,4.0,7732.0,1,1,5,171,313,384.0,0.23046092184368738
239.0,599.0,60,3.9,2147.0,2,20,5,200,612,360.0,0.3989983305509182
7499.0,9499.0,21,4.1,313832.0,2,20,4,107,418,2000.0,0.7894515212127592
265.0,999.0,73,3.7,465.0,2,28,3,105,693,734.0,0.2652652652652653
37990.0,74999.0,49,4.2,27790.0,2,20,4,107,1029,37009.0,0.5065400872011627
199.0,499.0,60,4.1,602.0,1,1,5,186,391,300.0,0.39879759519038077
179.0,399.0,55,4.0,1423.0,1,1,5,172,792,220.0,0.44862155388471175
1799.0,3999.0,55,4.6,245.0,2,20,5,198,1614,2200.0,0.4498624656164041
8499.0,11999.0,29,3.9,276.0,2,20,4,39,180,3500.0,0.708309025752146
1999.0,3999.0,50,4.0,30254.0,2,28,3,193,1074,2000.0,0.49987496874218557
3999.0,17999.0,78,4.3,17161.0,2,28,3,173,2458,14000.0,0.22217900994499695
219.0,499.0,56,4.4,14.0,2,20,5,62,339,280.0,0.43887775551102204
599.0,1399.0,57,4.1,14560.0,2,20,5,180,1377,800.0,0.4281629735525375
2499.0,2999.0,17,4.1,3156.0,2,20,5,198,1196,500.0,0.8332777592530843
89.0,499.0,82,4.1,9340.0,2,20,5,150,1077,410.0,0.17835671342685372
2999.0,11999.0,75,4.4,768.0,2,28,3,153,887,9000.0,0.2499374947912326
314.0,1499.0,79,4.5,28978.0,2,20,4,138,762,1185.0,0.209472981987992
13999.0,19499.0,28,4.1,18998.0,2,20,4,106,542,5500.0,0.7179342530386174
139.0,499.0,72,4.2,4971.0,2,20,5,167,925,360.0,0.2785571142284569
2599.0,6999.0,63,4.5,1526.0,2,20,4,204,2029,4400.0,0.3713387626803829
365.0,999.0,63,4.1,363711.0,2,10,4,59,1296,634.0,0.36536536536536535
1499.0,4490.0,67,3.9,136954.0,2,10,4,190,1080,2991.0,0.33385300668151446
1998.0,9999.0,80,4.3,27709.0,2,28,3,144,2012,8001.0,0.1998199819981998
1799.0,7990.0,77,3.8,17833.0,2,28,3,200,949,6191.0,0.2251564455569462
289.0,650.0,56,4.3,253105.0,1,8,3,41,634,361.0,0.44461538461538463
599.0,895.0,33,4.4,61314.0,1,1,4,139,1016,296.0,0.6692737430167598
217.0,237.0,8,3.8,7354.0,1,1,4,109,524,20.0,0.9156118143459916
1299.0,2990.0,57,3.8,180998.0,2,10,4,180,964,1691.0,0.43444816053511703
263.0,699.0,62,3.5,690.0,1,1,4,146,1462,436.0,0.37625178826895567
569.0,1000.0,43,4.4,67262.0,2,0,4,85,272,431.0,0.569
1999.0,4999.0,60,4.1,10689.0,2,28,3,193,848,3000.0,0.39987997599519903
1399.0,3990.0,65,4.1,141841.0,2,10,4,143,905,2591.0,0.3506265664160401
349.0,1499.0,77,4.3,24791.0,1,1,4,174,820,1150.0,0.23282188125416944
149.0,399.0,63,3.5,21764.0,2,10,4,113,412,250.0,0.37343358395989973
599.0,999.0,40,4.1,192587.0,2,10,4,135,613,400.0,0.5995995995995996
1220.0,3990.0,69,4.1,107151.0,2,10,4,164,708,2770.0,0.3057644110275689
1499.0,6990.0,79,3.9,21797.0,2,28,3,191,759,5491.0,0.21444921316165952
499.0,999.0,50,3.9,92995.0,2,10,4,116,759,500.0,0.4994994994994995
99.0,999.0,90,4.1,8751.0,1,1,4,139,1398,900.0,0.0990990990990991
349.0,1299.0,73,4.0,14283.0,2,20,5,122,1091,950.0,0.2686682063125481
475.0,1500.0,68,4.2,64273.0,1,8,3,38,987,1025.0,0.31666666666666665
269.0,649.0,59,4.3,54315.0,1,1,4,135,346,380.0,0.41448382126348227
299.0,599.0,50,4.1,1597.0,1,1,4,127,1148,300.0,0.4991652754590985
1599.0,3999.0,60,4.0,30254.0,2,28,3,189,1074,2400.0,0.39984996249062266
1499.0,7999.0,81,4.2,22638.0,2,28,3,130,1757,6500.0,0.1873984248031004
329.0,999.0,67,3.9,77027.0,2,10,4,103,674,670.0,0.32932932932932935
549.0,1799.0,69,4.3,28829.0,1,1,4,99,150,1250.0,0.3051695386325737
2199.0,9999.0,78,4.2,29478.0,2,28,3,178,2329,7800.0,0.21992199219921993
299.0,650.0,54,4.5,33176.0,1,1,4,89,316,351.0,0.46
798.0,1995.0,60,4.0,68664.0,6,19,3,95,596,1197.0,0.4
399.0,1099.0,64,4.2,24269.0,1,1,5,162,960,700.0,0.3630573248407643
266.0,315.0,16,4.5,28030.0,2,9,3,41,486,49.0,0.8444444444444444
50.0,50.0,0,4.3,5792.0,7,24,7,200,98,0.0,1.0
130.0,165.0,21,3.9,14778.0,4,6,4,195,212,35.0,0.7878787878787878
449.0,1290.0,65,4.1,91770.0,2,10,4,64,855,841.0,0.34806201550387594
3999.0,16999.0,76,4.3,17162.0,2,28,3,173,2455,13000.0,0.23524913230190012
399.0,1290.0,69,4.2,206.0,2,10,4,91,433,891.0,0.30930232558139537
1399.0,2498.0,44,4.2,33717.0,1,1,4,149,303,1099.0,0.5600480384307446
199.0,349.0,43,4.0,43994.0,1,1,5,193,605,150.0,0.5702005730659025
199.0,999.0,80,3.9,7928.0,1,1,5,136,1091,800.0,0.1991991991991992
2998.0,5999.0,50,4.1,5179.0,2,28,3,184,993,3001.0,0.49974995832638774
4098.0,4999.0,18,4.5,50810.0,1,8,3,132,483,901.0,0.8197639527905581
499.0,1999.0,75,3.7,3369.0,2,3,3,163,1094,1500.0,0.2496248124062031
299.0,449.0,33,3.5,11827.0,1,1,4,142,266,150.0,0.6659242761692651
329.0,699.0,53,4.2,94364.0,1,1,5,199,699,370.0,0.47067238912732473
699.0,999.0,30,3.5,15295.0,1,1,4,90,671,300.0,0.6996996996996997
799.0,3990.0,80,4.3,27139.0,2,3,5,154,1653,3191.0,0.20025062656641604
1399.0,5499.0,75,3.9,9504.0,2,10,4,183,837,4100.0,0.25440989270776504
154.0,399.0,61,4.2,16905.0,1,1,5,110,574,245.0,0.38596491228070173
519.0,1350.0,62,4.3,30058.0,1,8,3,54,590,831.0,0.3844444444444444
2299.0,7990.0,71,4.2,69619.0,2,28,3,194,976,5691.0,0.2877346683354193
399.0,1999.0,80,4.0,3382.0,2,20,5,197,594,1600.0,0.19959979989994997
1499.0,3990.0,62,4.1,109864.0,2,10,4,146,1054,2491.0,0.37568922305764413
1295.0,1295.0,0,4.5,5760.0,7,23,4,60,477,0.0,1.0
1889.0,5499.0,66,4.2,49551.0,1,22,3,186,524,3610.0,0.34351700309147115
455.0,1490.0,69,4.1,161677.0,2,10,4,56,980,1035.0,0.3053691275167785
399.0,995.0,60,3.9,21372.0,2,3,5,157,1931,596.0,0.40100502512562813
1059.0,3999.0,74,4.3,140035.0,2,0,4,110,420,2940.0,0.26481620405101275
149.0,1000.0,85,3.9,24870.0,1,1,5,193,820,851.0,0.149
717.0,761.0,6,4.0,7199.0,1,26,4,35,264,44.0,0.9421813403416557
99.0,999.0,90,4.0,1396.0,1,1,4,174,772,900.0,0.0990990990990991
39.0,299.0,87,3.5,15233.0,1,1,5,101,328,260.0,0.13043478260869565
889.0,2500.0,64,4.3,55747.0,1,8,3,46,276,1611.0,0.3556
1199.0,4999.0,76,3.8,14961.0,2,10,4,186,263,3800.0,0.2398479695939188
569.0,1299.0,56,4.4,9275.0,1,1,4,137,164,730.0,0.4380292532717475
1499.0,8999.0,83,3.7,28324.0,2,10,4,197,1159,7500.0,0.16657406378486497
149.0,180.0,17,4.4,644.0,2,9,3,48,223,31.0,0.8277777777777777
399.0,549.0,27,4.4,18139.0,1,1,4,75,943,150.0,0.726775956284153
191.0,225.0,15,4.4,7203.0,4,6,4,181,867,34.0,0.8488888888888889
129.0,999.0,87,4.2,491.0,1,1,5,166,249,870.0,0.12912912912912913
199.0,599.0,67,4.5,13568.0,1,1,3,195,493,400.0,0.332220367278798
999.0,4499.0,78,3.8,3390.0,2,10,4,176,579,3500.0,0.22204934429873305
899.0,4499.0,80,3.8,103052.0,2,10,4,135,1006,3600.0,0.1998221827072683
1799.0,2499.0,28,4.1,18678.0,2,20,5,180,832,700.0,0.7198879551820728
176.63,499.0,65,4.1,15189.0,1,1,5,111,851,322.37,0.35396793587174347
522.0,550.0,5,4.4,12179.0,7,23,4,101,418,28.0,0.9490909090909091
799.0,1999.0,60,3.8,12958.0,2,3,4,169,1589,1200.0,0.3996998499249625
681.0,1199.0,43,4.2,8258.0,1,1,4,165,665,518.0,0.5679733110925771
1199.0,3490.0,66,4.1,11716.0,1,22,2,203,1424,2291.0,0.34355300859598853
2499.0,4999.0,50,4.4,35024.0,1,22,3,186,807,2500.0,0.4998999799959992
1799.0,4999.0,64,4.1,55192.0,2,10,4,164,598,3200.0,0.359871974394879
429.0,599.0,28,4.1,119466.0,2,10,4,107,854,170.0,0.7161936560934892
100.0,499.0,80,3.5,9638.0,1,1,4,103,26,399.0,0.20040080160320642
329.0,399.0,18,3.6,33735.0,1,1,4,120,512,70.0,0.8245614035087719
229.0,299.0,23,4.3,30411.0,1,1,5,38,261,70.0,0.7658862876254181
139.0,299.0,54,3.8,3044.0,1,1,4,109,377,160.0,0.46488294314381273
1199.0,2499.0,52,4.0,33584.0,2,10,4,138,956,1300.0,0.4797919167667067
1049.0,2299.0,54,3.9,1779.0,2,12,4,198,329,1250.0,0.4562853414528056
119.0,299.0,60,4.1,5999.0,2,20,4,196,1547,180.0,0.3979933110367893
154.0,339.0,55,4.3,13391.0,1,1,5,126,462,185.0,0.45427728613569324
225.0,250.0,10,4.4,26556.0,2,9,2,54,105,25.0,0.9
656.0,1499.0,56,4.3,25903.0,1,1,4,189,1387,843.0,0.437625083388926
1109.0,2800.0,60,4.3,53464.0,1,8,3,96,545,1691.0,0.3960714285714286
2999.0,7990.0,62,4.1,48448.0,2,28,3,191,976,4991.0,0.3753441802252816
169.0,299.0,43,4.4,5176.0,1,1,5,197,979,130.0,0.5652173913043478
309.0,404.0,24,4.4,8614.0,1,26,4,110,325,95.0,0.7648514851485149
599.0,1399.0,57,3.8,60026.0,2,10,4,100,1007,800.0,0.4281629735525375
299.0,599.0,50,3.8,3066.0,1,1,4,200,996,300.0,0.4991652754590985
449.0,999.0,55,4.0,2102.0,1,1,4,200,567,550.0,0.4494494494494494
799.0,1295.0,38,4.4,34852.0,1,1,4,174,1009,496.0,0.616988416988417
219.0,700.0,69,4.4,426972.0,2,15,5,73,543,481.0,0.31285714285714283
157.0,160.0,2,4.5,8618.0,7,24,6,78,320,3.0,0.98125
369.0,1600.0,77,4.0,32625.0,2,0,4,54,461,1231.0,0.230625
599.0,899.0,33,4.0,4018.0,1,1,4,200,798,300.0,0.6662958843159066
479.0,599.0,20,4.3,11687.0,2,9,3,48,508,120.0,0.7996661101836394
350.0,899.0,61,4.2,2262.0,1,1,5,166,853,549.0,0.389321468298109
1598.0,2990.0,47,3.8,11015.0,2,10,4,186,977,1392.0,0.534448160535117
599.0,899.0,33,4.3,95116.0,1,22,4,194,577,300.0,0.6662958843159066
159.0,399.0,60,4.1,4768.0,1,1,5,103,574,240.0,0.39849624060150374
1299.0,3000.0,57,4.3,23022.0,1,8,3,91,583,1701.0,0.433
1599.0,4999.0,68,4.0,67951.0,2,28,3,136,599,3400.0,0.3198639727945589
294.0,4999.0,94,4.3,4426.0,1,1,4,192,2000,4705.0,0.058811762352470494
828.0,861.0,4,4.2,4567.0,1,26,4,35,109,33.0,0.9616724738675958
745.0,795.0,6,4.0,13797.0,2,10,4,52,1043,50.0,0.9371069182389937
1549.0,2495.0,38,4.4,15137.0,2,3,5,223,676,946.0,0.6208416833667335
349.0,399.0,13,4.4,18757.0,1,1,5,54,134,50.0,0.87468671679198
970.0,1799.0,46,4.5,815.0,1,1,5,154,367,829.0,0.5391884380211228
1469.0,2499.0,41,4.2,156638.0,1,22,3,187,472,1030.0,0.5878351340536214
198.0,800.0,75,4.1,9344.0,7,24,6,75,555,602.0,0.2475
549.0,549.0,0,4.5,4875.0,2,3,4,80,445,0.0,1.0
2999.0,9999.0,70,4.2,20881.0,2,28,3,179,2646,7000.0,0.29992999299929995
12000.0,29999.0,60,4.3,4744.0,2,28,3,76,572,17999.0,0.4000133337777926
1299.0,3499.0,63,3.9,12452.0,2,10,4,145,643,2200.0,0.37124892826521866
269.0,315.0,15,4.5,17810.0,2,9,3,42,486,46.0,0.8539682539682539
799.0,1499.0,47,4.1,53648.0,2,10,4,141,338,700.0,0.5330220146764509
6299.0,13750.0,54,4.2,2014.0,1,21,2,198,321,7451.0,0.4581090909090909
59.0,59.0,0,3.8,5958.0,1,1,4,91,124,0.0,1.0
571.0,999.0,43,4.3,38221.0,2,20,5,108,453,428.0,0.5715715715715716
549.0,999.0,45,3.9,64705.0,2,12,4,136,565,450.0,0.5495495495495496
2099.0,5999.0,65,4.3,17129.0,2,20,4,199,1812,3900.0,0.34989164860810135
13490.0,21990.0,39,4.3,11976.0,2,15,4,71,934,8500.0,0.6134606639381537
448.0,699.0,36,3.9,17348.0,1,1,4,97,164,251.0,0.6409155937052933
1499.0,2999.0,50,3.7,87798.0,2,10,4,198,829,1500.0,0.49983327775925307
299.0,499.0,40,4.2,24432.0,2,3,5,196,902,200.0,0.5991983967935872
579.0,1400.0,59,4.3,189104.0,1,8,3,54,768,821.0,0.4135714285714286
2499.0,3299.0,24,4.2,93112.0,2,3,4,191,952,800.0,0.7575022734161867
1199.0,5999.0,80,3.9,47521.0,2,10,4,150,760,4800.0,0.19986664444074012
399.0,499.0,20,4.3,27201.0,2,9,3,60,470,100.0,0.7995991983967936
279.0,499.0,44,3.7,10962.0,2,15,5,90,923,220.0,0.5591182364729459
13490.0,22900.0,41,4.3,16299.0,2,15,4,99,1067,9410.0,0.5890829694323144
279.0,375.0,26,4.3,31534.0,1,1,4,106,702,96.0,0.744
2499.0,4999.0,50,3.9,7571.0,2,28,3,184,847,2500.0,0.4998999799959992
137.0,160.0,14,4.4,6537.0,7,24,6,86,320,23.0,0.85625
59.0,199.0,70,4.0,9377.0,1,1,5,43,566,140.0,0.2964824120603015
299.0,499.0,40,4.5,21010.0,1,1,3,187,661,200.0,0.5991983967935872
1799.0,3999.0,55,3.9,3517.0,2,10,4,192,667,2200.0,0.4498624656164041
1999.0,2999.0,33,4.3,63899.0,2,12,4,132,357,1000.0,0.6665555185061687
199.0,699.0,72,4.2,12153.0,2,15,5,147,694,500.0,0.28469241773962806
399.0,1499.0,73,4.1,5730.0,1,1,4,111,734,1100.0,0.26617745163442297
1699.0,3999.0,58,4.2,25488.0,1,1,4,159,750,2300.0,0.42485621405351337
699.0,995.0,30,4.5,54405.0,1,1,4,130,783,296.0,0.7025125628140704
95.0,499.0,81,4.2,1949.0,2,20,4,142,885,404.0,0.1903807615230461
1149.0,1699.0,32,4.2,122478.0,1,22,3,168,1118,550.0,0.6762801648028252
1495.0,1995.0,25,4.3,7241.0,1,1,4,155,721,500.0,0.7493734335839599
849.0,4999.0,83,4.0,20457.0,1,1,4,200,1366,4150.0,0.16983396679335866
440.0,440.0,0,4.5,8610.0,7,23,4,59,573,0.0,1.0
349.0,999.0,65,3.8,16557.0,2,20,4,167,1110,650.0,0.34934934934934936
599.0,3999.0,85,3.9,1087.0,1,1,4,71,517,3400.0,0.14978744686171544
149.0,399.0,63,4.0,1540.0,1,1,4,203,1537,250.0,0.37343358395989973
289.0,999.0,71,4.1,401.0,1,1,4,123,628,710.0,0.28928928928928926
179.0,499.0,64,3.4,9385.0,1,1,3,86,123,320.0,0.3587174348697395
1499.0,4999.0,70,4.0,92588.0,2,28,3,200,784,3500.0,0.2998599719943989
399.0,699.0,43,3.4,3454.0,2,10,4,156,128,300.0,0.5708154506437768
599.0,799.0,25,4.3,15790.0,1,1,4,92,589,200.0,0.7496871088861077
949.0,2000.0,53,3.9,14969.0,1,1,4,146,459,1051.0,0.4745
2499.0,9999.0,75,4.1,42139.0,2,28,3,178,1971,7500.0,0.24992499249924993
159.0,180.0,12,4.3,989.0,2,9,3,44,185,21.0,0.8833333333333333
1329.0,2900.0,54,4.5,19624.0,2,0,4,106,507,1571.0,0.45827586206896553
570.0,999.0,43,4.2,3201.0,1,1,3,85,481,429.0,0.5705705705705706
899.0,1999.0,55,4.1,30469.0,2,12,4,161,400,1100.0,0.4497248624312156
449.0,999.0,55,4.4,9940.0,1,1,5,177,674,550.0,0.4494494494494494
549.0,999.0,45,4.3,7758.0,1,8,3,192,1871,450.0,0.5495495495495496
1529.0,2399.0,36,4.3,68409.0,1,22,3,182,872,870.0,0.6373488953730722
100.0,100.0,0,4.3,3095.0,7,24,7,29,63,0.0,1.0
299.0,1499.0,80,4.2,903.0,1,1,4,182,617,1200.0,0.19946631087391595
1295.0,1795.0,28,4.1,25771.0,1,1,4,170,833,500.0,0.7214484679665738
699.0,999.0,30,4.1,273189.0,2,10,4,56,524,300.0,0.6996996996996997
252.0,315.0,20,4.5,3785.0,7,24,6,61,74,63.0,0.8
190.0,220.0,14,4.4,2866.0,2,9,3,46,65,30.0,0.8636363636363636
1299.0,1599.0,19,4.3,27223.0,1,1,4,78,317,300.0,0.8123827392120075
729.0,1650.0,56,4.3,82356.0,1,8,3,67,556,921.0,0.44181818181818183
480.0,600.0,20,4.3,5719.0,7,24,7,38,520,120.0,0.8
1799.0,6990.0,74,4.0,26880.0,2,28,3,199,846,5191.0,0.25736766809728184
999.0,2499.0,60,4.3,1690.0,1,1,4,132,1936,1500.0,0.3997599039615846
299.0,399.0,25,4.0,2766.0,1,1,5,116,707,100.0,0.7493734335839599
238.0,699.0,66,4.4,8372.0,1,1,5,198,1068,461.0,0.34048640915593703
1349.0,2198.0,39,4.0,7113.0,1,1,4,139,448,849.0,0.6137397634212921
299.0,999.0,70,4.3,20850.0,1,1,5,66,633,700.0,0.2992992992992993
199.0,499.0,60,3.3,2804.0,1,1,4,104,629,300.0,0.39879759519038077
1999.0,9999.0,80,3.7,1986.0,2,10,4,193,263,8000.0,0.1999199919991999
99.0,499.0,80,4.1,2451.0,2,20,4,177,1071,400.0,0.19839679358717435
499.0,1000.0,50,5.0,23.0,1,1,4,162,619,501.0,0.499
1792.0,3500.0,49,4.5,26194.0,1,5,3,84,589,1708.0,0.512
3299.0,4100.0,20,3.9,15783.0,1,1,3,136,612,801.0,0.8046341463414635
125.0,180.0,31,4.4,8053.0,7,24,6,66,58,55.0,0.6944444444444444
399.0,1190.0,66,4.1,2809.0,1,1,4,169,299,791.0,0.3352941176470588
1199.0,7999.0,85,3.6,25910.0,2,10,4,197,1366,6800.0,0.14989373671708964
235.0,1599.0,85,3.8,1173.0,1,1,4,127,1707,1364.0,0.14696685428392744
549.0,1999.0,73,3.6,6422.0,1,1,4,110,667,1450.0,0.27463731865932967
89.0,99.0,10,4.2,241.0,1,1,4,165,572,10.0,0.898989898989899
970.0,1999.0,51,4.4,184.0,1,1,5,159,366,1029.0,0.4852426213106553
1299.0,2999.0,57,3.8,14629.0,2,10,4,183,761,1700.0,0.43314438146048684
230.0,999.0,77,4.2,1528.0,1,1,5,128,515,769.0,0.23023023023023023
119.0,499.0,76,4.3,15032.0,2,10,3,193,862,380.0,0.23847695390781562
449.0,800.0,44,4.4,69585.0,2,0,4,98,374,351.0,0.56125
1699.0,3495.0,51,4.1,14371.0,2,20,6,178,711,1796.0,0.48612303290414877
561.0,720.0,22,4.4,3182.0,7,24,6,76,320,159.0,0.7791666666666667
289.0,590.0,51,4.4,25886.0,1,1,4,197,478,301.0,0.48983050847457626
599.0,1999.0,70,4.4,4736.0,1,1,4,176,1655,1400.0,0.29964982491245623
5599.0,7350.0,24,4.4,73005.0,1,8,3,196,410,1751.0,0.7617687074829932
1990.0,2595.0,23,4.3,20398.0,1,1,5,198,763,605.0,0.766859344894027
499.0,799.0,38,4.3,2125.0,1,1,3,90,480,300.0,0.6245306633291614
449.0,999.0,55,4.3,11330.0,1,1,5,177,674,550.0,0.4494494494494494
999.0,1999.0,50,4.2,27441.0,1,1,4,106,341,1000.0,0.49974987493746875
69.0,299.0,77,4.3,255.0,1,1,4,185,899,230.0,0.23076923076923078
899.0,1499.0,40,4.2,23174.0,1,1,4,163,650,600.0,0.5997331554369579
478.0,699.0,32,3.8,20218.0,6,19,3,66,980,221.0,0.6838340486409156
1399.0,2490.0,44,4.3,11074.0,1,1,3,111,237,1091.0,0.5618473895582329
199.0,750.0,73,4.5,74976.0,1,1,5,115,673,551.0,0.2653333333333333
149.0,499.0,70,4.1,25607.0,1,1,4,186,647,350.0,0.2985971943887776
1799.0,4990.0,64,4.2,41226.0,2,12,4,100,613,3191.0,0.36052104208416835
425.0,999.0,57,4.0,2581.0,5,7,3,147,606,574.0,0.42542542542542544
999.0,2490.0,60,4.1,18331.0,2,12,4,104,675,1491.0,0.40120481927710844
378.0,999.0,62,4.1,1779.0,1,1,4,250,79,621.0,0.3783783783783784
99.0,99.0,0,4.3,388.0,7,24,5,163,289,0.0,1.0
1499.0,2999.0,50,4.5,8656.0,1,22,3,174,619,1500.0,0.49983327775925307
1815.0,3100.0,41,4.5,92925.0,1,5,3,72,842,1285.0,0.5854838709677419
67.0,75.0,11,4.1,1269.0,7,24,6,81,369,8.0,0.8933333333333333
1889.0,2699.0,30,4.3,17394.0,1,1,4,64,963,810.0,0.6998888477213783
499.0,1499.0,67,3.6,9169.0,2,10,4,177,353,1000.0,0.33288859239492996
499.0,999.0,50,4.4,1030.0,1,1,5,127,829,500.0,0.4994994994994995
5799.0,7999.0,28,4.5,50273.0,1,8,3,171,831,2200.0,0.7249656207025879
499.0,799.0,38,3.9,6742.0,2,12,4,91,294,300.0,0.6245306633291614
249.0,600.0,59,4.0,1208.0,1,1,4,168,1087,351.0,0.415
179.0,499.0,64,4.0,1933.0,1,1,5,187,401,320.0,0.3587174348697395
4449.0,5734.0,22,4.4,25006.0,1,8,3,136,546,1285.0,0.7758981513777468
299.0,550.0,46,4.6,33434.0,1,1,4,51,448,251.0,0.5436363636363636
629.0,1390.0,55,4.4,6301.0,1,1,4,195,1021,761.0,0.4525179856115108
2595.0,3295.0,21,4.4,22618.0,1,1,4,174,1547,700.0,0.787556904400607
389.0,1099.0,65,4.3,974.0,1,1,5,188,773,710.0,0.353958143767061
1799.0,2911.0,38,4.3,20342.0,1,22,3,221,1041,1112.0,0.618000687049124
90.0,175.0,49,4.4,7429.0,7,24,6,130,150,85.0,0.5142857142857142
599.0,599.0,0,4.0,26423.0,1,1,4,105,1554,0.0,1.0
1999.0,7999.0,75,4.2,31305.0,2,28,3,198,1372,6000.0,0.24990623827978498
2099.0,3250.0,35,3.8,11213.0,1,22,3,76,843,1151.0,0.6458461538461538
179.0,499.0,64,4.1,10174.0,1,1,4,87,689,320.0,0.3587174348697395
1345.0,2295.0,41,4.2,17413.0,1,1,4,174,1208,950.0,0.5860566448801743
349.0,995.0,65,4.2,6676.0,2,3,5,207,248,646.0,0.3507537688442211
287.0,499.0,42,4.4,8076.0,1,1,5,200,1718,212.0,0.5751503006012024
599.0,599.0,0,4.3,355.0,1,1,5,63,123,0.0,1.0
349.0,450.0,22,4.1,18656.0,1,8,3,75,201,101.0,0.7755555555555556
879.0,1109.0,21,4.4,31599.0,2,9,3,49,597,230.0,0.7926059513074842
199.0,999.0,80,3.9,1075.0,1,1,5,197,918,800.0,0.1991991991991992
250.0,250.0,0,3.9,13971.0,2,9,3,99,793,0.0,1.0
199.0,499.0,60,3.6,2492.0,2,10,4,198,1008,300.0,0.39879759519038077
899.0,1900.0,53,4.4,13552.0,1,1,5,127,857,1001.0,0.4731578947368421
199.0,999.0,80,4.0,575.0,1,1,5,194,1491,800.0,0.1991991991991992
149.0,999.0,85,3.5,2523.0,1,1,4,80,221,850.0,0.14914914914914915
469.0,1499.0,69,4.1,352.0,1,1,4,246,1599,1030.0,0.31287525016677786
1187.0,1929.0,38,4.1,1662.0,1,1,3,213,2105,742.0,0.6153447382063245
849.0,1499.0,43,4.0,7352.0,1,1,4,75,847,650.0,0.5663775850567044
328.0,399.0,18,4.1,3441.0,1,1,4,155,500,71.0,0.8220551378446115
269.0,699.0,62,4.0,93.0,1,1,4,182,338,430.0,0.38483547925608014
299.0,400.0,25,3.8,40895.0,2,3,5,56,896,101.0,0.7475
549.0,1499.0,63,4.3,11006.0,1,1,5,122,750,950.0,0.36624416277518346
114.0,120.0,5,4.2,8938.0,7,24,6,84,318,6.0,0.95
120.0,120.0,0,4.1,4308.0,7,24,7,46,197,0.0,1.0
970.0,1999.0,51,4.2,462.0,1,1,5,170,288,1029.0,0.4852426213106553
209.0,695.0,70,4.5,107686.0,1,1,5,106,405,486.0,0.30071942446043165
1490.0,2295.0,35,4.6,10652.0,1,1,4,148,1288,805.0,0.6492374727668845
99.0,99.0,0,4.3,5036.0,4,6,6,47,107,0.0,1.0
149.0,249.0,40,4.0,5057.0,1,1,4,100,378,100.0,0.5983935742971888
575.0,2799.0,79,4.2,8537.0,1,1,4,85,1257,2224.0,0.20543051089674885
333.0,999.0,67,3.3,9792.0,1,1,5,150,783,666.0,0.3333333333333333
178.0,210.0,15,4.3,2450.0,7,24,7,54,234,32.0,0.8476190476190476
1599.0,3490.0,54,3.7,676.0,2,10,4,196,978,1891.0,0.45816618911174783
499.0,1299.0,62,3.9,1173.0,2,10,4,104,538,800.0,0.38414164742109314
199.0,499.0,60,4.3,9998.0,1,1,5,69,322,300.0,0.39879759519038077
2499.0,5999.0,58,4.1,5852.0,2,28,3,178,1151,3500.0,0.41656942823803966
199.0,999.0,80,4.2,362.0,1,5,3,87,552,800.0,0.1991991991991992
939.0,1800.0,48,4.5,205052.0,2,0,4,107,281,861.0,0.5216666666666666
2499.0,9999.0,75,4.0,9090.0,2,28,3,196,2591,7500.0,0.24992499249924993
1439.0,2890.0,50,4.5,4099.0,1,1,4,184,1081,1451.0,0.497923875432526
1099.0,5999.0,82,3.5,12966.0,2,10,4,182,263,4900.0,0.18319719953325556
157.0,160.0,2,4.5,4428.0,7,24,6,74,316,3.0,0.98125
999.0,1599.0,38,4.3,12093.0,1,22,4,194,708,600.0,0.624765478424015
115.0,999.0,88,3.3,5692.0,1,1,5,176,285,884.0,0.11511511511511512
175.0,499.0,65,4.1,21.0,1,1,4,195,648,324.0,0.35070140280561124
1999.0,4700.0,57,3.8,1880.0,2,3,4,199,1239,2701.0,0.42531914893617023
3999.0,4332.96,8,3.5,21762.0,1,26,3,177,581,333.96000000000004,0.9229256674421181
899.0,1800.0,50,4.1,22375.0,1,22,3,127,927,901.0,0.49944444444444447
299.0,990.0,70,4.5,2453.0,1,1,5,88,1133,691.0,0.302020202020202
3303.0,4699.0,30,4.4,13544.0,1,1,4,163,702,1396.0,0.702915513939136
1890.0,5490.0,66,4.1,10976.0,1,1,5,191,1544,3600.0,0.3442622950819672
90.0,100.0,10,4.3,3061.0,7,24,7,31,64,10.0,0.9
1599.0,2790.0,43,3.6,2272.0,2,10,4,196,552,1191.0,0.5731182795698925
599.0,999.0,40,4.0,7601.0,1,1,4,101,233,400.0,0.5995995995995996
507.0,1208.0,58,4.1,8131.0,1,22,4,57,386,701.0,0.4197019867549669
425.0,899.0,53,4.5,4219.0,1,1,5,181,1475,474.0,0.4727474972191324
1499.0,3999.0,63,4.2,42775.0,2,10,4,173,400,2500.0,0.37484371092773194
549.0,2499.0,78,4.3,5556.0,1,1,5,163,862,1950.0,0.21968787515006002
199.0,395.0,50,4.2,92595.0,1,1,5,135,373,196.0,0.5037974683544304
1295.0,1645.0,21,4.6,12375.0,1,1,4,155,1364,350.0,0.7872340425531915
310.0,310.0,0,4.5,5882.0,4,6,4,53,39,0.0,1.0
149.0,149.0,0,4.3,10833.0,1,1,4,125,1163,0.0,1.0
1149.0,1499.0,23,4.1,10443.0,1,1,4,144,27,350.0,0.7665110073382255
499.0,1299.0,62,4.5,434.0,1,1,4,169,1496,800.0,0.38414164742109314
999.0,4199.0,76,3.5,1913.0,2,10,4,193,958,3200.0,0.23791378899738033
1709.0,4000.0,57,4.4,3029.0,1,5,3,104,505,2291.0,0.42725
250.0,250.0,0,4.2,2628.0,7,24,7,173,122,0.0,1.0
1199.0,2199.0,45,4.4,24780.0,1,22,4,206,819,1000.0,0.5452478399272397
90.0,100.0,10,4.4,10718.0,4,6,5,168,93,10.0,0.9
2025.0,5999.0,66,4.2,6233.0,2,20,4,199,1197,3974.0,0.33755625937656275
1495.0,1995.0,25,4.5,10541.0,1,1,4,170,814,500.0,0.7493734335839599
799.0,2100.0,62,4.3,8188.0,1,1,5,138,138,1301.0,0.38047619047619047
899.0,1199.0,25,3.8,10751.0,2,12,4,121,498,300.0,0.749791492910759
349.0,999.0,65,3.9,817.0,1,1,5,120,802,650.0,0.34934934934934936
900.0,2499.0,64,4.0,36384.0,2,20,5,73,421,1599.0,0.36014405762304924
2490.0,3990.0,38,4.1,3606.0,2,3,4,195,1289,1500.0,0.6240601503759399
116.0,200.0,42,4.4,357.0,2,9,2,85,381,84.0,0.58
200.0,230.0,13,4.4,10170.0,4,6,4,56,142,30.0,0.8695652173913043
1249.0,2796.0,55,4.4,4598.0,1,1,4,108,333,1547.0,0.4467095851216023
649.0,999.0,35,3.5,7222.0,1,1,4,160,322,350.0,0.6496496496496497
2649.0,3499.0,24,4.5,1271.0,1,1,4,166,1096,850.0,0.7570734495570163
199.0,349.0,43,4.1,314.0,1,1,5,113,481,150.0,0.5702005730659025
596.0,723.0,18,4.4,3219.0,1,26,4,25,473,127.0,0.8243430152143845
2499.0,5999.0,58,4.1,38879.0,2,28,3,163,537,3500.0,0.41656942823803966
4999.0,12499.0,60,4.2,4541.0,2,12,4,148,719,7500.0,0.3999519961596928
399.0,1290.0,69,4.2,76042.0,2,10,4,63,835,891.0,0.30930232558139537
116.0,200.0,42,4.3,485.0,2,9,2,85,381,84.0,0.58
4499.0,5999.0,25,4.3,44696.0,2,3,4,175,184,1500.0,0.7499583263877313
330.0,499.0,34,3.7,8566.0,1,1,3,102,211,169.0,0.6613226452905812
649.0,2499.0,74,3.9,13049.0,2,10,4,144,763,1850.0,0.25970388155262103
1234.0,1599.0,23,4.5,16680.0,1,1,4,196,713,365.0,0.7717323327079425
1399.0,2990.0,53,4.1,97174.0,2,10,4,119,683,1591.0,0.4678929765886288
272.0,320.0,15,4.0,3686.0,7,24,7,57,481,48.0,0.85
99.0,999.0,90,3.8,594.0,2,10,3,127,399,900.0,0.0990990990990991
3498.0,3875.0,10,3.4,12185.0,1,26,4,87,1555,377.0,0.9027096774193548
10099.0,19110.0,47,4.3,2623.0,1,21,2,142,462,9011.0,0.5284667713239142
449.0,999.0,55,4.3,9701.0,1,1,5,177,674,550.0,0.4494494494494494
150.0,150.0,0,4.3,15867.0,8,2,4,55,146,0.0,1.0
348.0,1499.0,77,4.2,656.0,1,1,5,162,671,1151.0,0.23215476984656438
1199.0,2999.0,60,4.1,10725.0,1,22,3,193,647,1800.0,0.3997999333111037
397.0,899.0,56,4.0,3025.0,1,1,3,151,870,502.0,0.44160177975528364
154.0,349.0,56,4.3,7064.0,1,1,5,96,588,195.0,0.44126074498567336
699.0,1490.0,53,4.0,5736.0,1,1,4,109,529,791.0,0.4691275167785235
1679.0,1999.0,16,4.1,72563.0,2,10,4,146,502,320.0,0.83991995997999
354.0,1500.0,76,4.0,1026.0,1,1,4,197,1657,1146.0,0.236
1199.0,5499.0,78,3.8,2043.0,1,1,4,195,575,4300.0,0.21803964357155847
379.0,1499.0,75,4.2,4149.0,1,1,4,161,137,1120.0,0.25283522348232157
499.0,775.0,36,4.3,74.0,1,8,3,123,1433,276.0,0.6438709677419355
10389.0,32000.0,68,4.4,41398.0,1,8,3,196,667,21611.0,0.32465625
649.0,1300.0,50,4.1,5195.0,1,1,4,141,392,651.0,0.49923076923076926
1199.0,1999.0,40,4.5,22420.0,1,22,4,184,314,800.0,0.599799899949975
139.0,999.0,86,4.0,1313.0,1,1,5,79,537,860.0,0.13913913913913914
889.0,1999.0,56,4.2,2284.0,2,10,4,192,1275,1110.0,0.4447223611805903
1409.0,2199.0,36,3.9,427.0,1,1,4,152,764,790.0,0.6407457935425194
549.0,1999.0,73,4.3,1367.0,1,26,4,133,862,1450.0,0.27463731865932967
749.0,1799.0,58,4.0,13199.0,1,1,4,72,688,1050.0,0.4163424124513619
329.0,845.0,61,4.2,29746.0,1,1,5,84,699,516.0,0.3893491124260355
379.0,1099.0,66,4.3,2806.0,1,1,5,177,1204,720.0,0.3448589626933576
5998.0,7999.0,25,4.2,30355.0,2,28,3,186,740,2001.0,0.7498437304663083
299.0,1499.0,80,4.2,2868.0,1,1,5,211,938,1200.0,0.19946631087391595
379.0,1499.0,75,4.1,670.0,1,1,4,98,665,1120.0,0.25283522348232157
1399.0,2999.0,53,4.3,3530.0,7,24,5,138,1096,1600.0,0.46648882960987
699.0,1299.0,46,4.3,6183.0,2,3,6,194,1568,600.0,0.5381062355658198
300.0,300.0,0,4.2,419.0,7,24,6,98,256,0.0,1.0
999.0,1995.0,50,4.5,7317.0,1,1,5,171,902,996.0,0.5007518796992482
535.0,535.0,0,4.4,4426.0,7,23,4,81,617,0.0,1.0
13999.0,24999.0,44,4.2,45237.0,2,15,4,91,1483,11000.0,0.5599823992959718
269.0,1099.0,76,4.1,1092.0,1,1,5,187,904,830.0,0.24476797088262056
341.0,450.0,24,4.3,2493.0,7,24,7,110,461,109.0,0.7577777777777778
2499.0,3999.0,38,4.4,12679.0,1,22,3,145,462,1500.0,0.6249062265566392
349.0,599.0,42,4.1,210.0,1,1,5,185,1055,250.0,0.5826377295492488
5899.0,7005.0,16,3.6,4199.0,1,26,3,102,938,1106.0,0.8421127765881513
699.0,1199.0,42,4.0,14403.0,2,20,5,212,1396,500.0,0.5829858215179317
1565.0,2999.0,48,4.0,11113.0,1,22,3,200,1610,1434.0,0.5218406135378459
326.0,799.0,59,4.4,10773.0,2,3,5,161,1577,473.0,0.40801001251564456
120.0,999.0,88,3.9,6491.0,2,10,3,167,860,879.0,0.12012012012012012
657.0,999.0,34,4.3,13944.0,1,8,3,144,792,342.0,0.6576576576576577
1995.0,2895.0,31,4.6,10760.0,1,1,4,129,780,900.0,0.689119170984456
1500.0,1500.0,0,4.4,25996.0,2,9,2,103,680,0.0,1.0
2640.0,3195.0,17,4.5,16146.0,1,1,4,180,1278,555.0,0.8262910798122066
5299.0,6355.0,17,3.9,8280.0,1,26,3,78,1215,1056.0,0.8338316286388671
263.0,699.0,62,4.1,450.0,1,1,5,128,1218,436.0,0.37625178826895567
1990.0,2999.0,34,4.3,14237.0,1,1,4,137,860,1009.0,0.6635545181727243
1289.0,1499.0,14,4.5,20668.0,2,25,3,98,332,210.0,0.8599066044029353
165.0,165.0,0,4.5,1674.0,7,24,6,69,395,0.0,1.0
1699.0,3499.0,51,3.6,7689.0,1,1,4,141,795,1800.0,0.4855673049442698
2299.0,7500.0,69,4.1,5554.0,2,3,4,198,1938,5201.0,0.3065333333333333
219.0,700.0,69,4.3,20053.0,1,1,5,102,675,481.0,0.31285714285714283
39.0,39.0,0,3.8,3344.0,1,1,4,83,474,0.0,1.0
26999.0,37999.0,29,4.6,2886.0,1,27,2,171,357,11000.0,0.7105186978604701
1490.0,1990.0,25,4.1,98250.0,2,10,4,100,442,500.0,0.7487437185929648
398.0,1949.0,80,4.0,75.0,1,1,4,105,1275,1551.0,0.20420728578758338
349.0,899.0,61,4.5,149.0,1,1,5,242,1312,550.0,0.3882091212458287
770.0,1547.0,50,4.3,2585.0,1,1,4,83,588,777.0,0.497737556561086
279.0,1299.0,79,4.0,5072.0,2,20,4,163,1036,1020.0,0.21478060046189376
249.0,599.0,58,4.5,5985.0,5,7,3,199,636,350.0,0.41569282136894825
115.0,499.0,77,4.0,7732.0,1,1,5,171,313,384.0,0.23046092184368738
230.0,230.0,0,4.5,9427.0,4,6,3,54,293,0.0,1.0
399.0,999.0,60,4.1,1780.0,1,1,5,183,653,600.0,0.3993993993993994
599.0,700.0,14,4.3,2301.0,1,1,4,197,529,101.0,0.8557142857142858
598.0,1150.0,48,4.1,2535.0,1,26,4,167,574,552.0,0.52
399.0,1499.0,73,4.0,691.0,1,1,4,163,785,1100.0,0.26617745163442297
499.0,1299.0,62,4.1,2740.0,1,1,4,198,1645,800.0,0.38414164742109314
199.0,499.0,60,4.1,602.0,1,1,5,186,391,300.0,0.39879759519038077
579.0,1090.0,47,4.4,3482.0,1,1,4,200,1121,511.0,0.5311926605504587
179.0,399.0,55,4.0,1423.0,1,1,5,172,792,220.0,0.44862155388471175
90.0,100.0,10,4.1,6199.0,7,24,7,53,625,10.0,0.9
899.0,1999.0,55,4.4,1667.0,1,1,4,182,373,1100.0,0.4497248624312156
1149.0,1800.0,36,4.3,4723.0,1,1,4,178,365,651.0,0.6383333333333333
249.0,499.0,50,4.2,22860.0,1,1,5,79,304,250.0,0.49899799599198397
39.0,39.0,0,3.6,13572.0,1,1,4,71,474,0.0,1.0
1599.0,3599.0,56,4.2,16182.0,1,22,3,56,622,2000.0,0.44429008057793834
1199.0,3990.0,70,4.2,2908.0,2,12,4,156,812,2791.0,0.3005012531328321
209.0,499.0,58,3.9,536.0,1,1,5,155,1201,290.0,0.4188376753507014
1099.0,1499.0,27,4.2,2375.0,1,1,4,255,1686,400.0,0.733155436957972
120.0,120.0,0,4.5,4951.0,7,24,6,71,317,0.0,1.0
1519.0,3499.0,57,4.3,408.0,1,1,4,162,489,1980.0,0.43412403543869676
420.0,420.0,0,4.2,1926.0,7,24,7,65,119,0.0,1.0
225.0,225.0,0,4.1,4798.0,7,24,7,45,69,0.0,1.0
199.0,799.0,75,4.1,7333.0,1,1,4,84,750,600.0,0.2490613266583229
1799.0,3999.0,55,4.6,245.0,2,20,5,198,1614,2200.0,0.4498624656164041
8349.0,9625.0,13,3.8,3652.0,1,26,4,130,1637,1276.0,0.8674285714285714
3307.0,6100.0,46,4.3,2515.0,1,5,3,76,271,2793.0,0.5421311475409836
325.0,1299.0,75,4.2,10576.0,1,1,5,200,1186,974.0,0.2501924557351809
449.0,1300.0,65,4.2,4959.0,1,8,3,40,361,851.0,0.3453846153846154
380.0,400.0,5,4.4,2111.0,2,9,3,40,269,20.0,0.95
499.0,1399.0,64,3.9,1462.0,1,1,4,223,1256,900.0,0.3566833452466047
37247.0,59890.0,38,4.0,323.0,1,18,3,175,854,22643.0,0.6219235264651862
849.0,2490.0,66,4.2,91188.0,2,10,4,59,576,1641.0,0.3409638554216867
799.0,1999.0,60,3.7,418.0,2,12,4,198,249,1200.0,0.3996998499249625
2599.0,6999.0,63,4.5,1526.0,2,20,4,204,2029,4400.0,0.3713387626803829
199.0,999.0,80,4.5,127.0,1,1,5,206,1181,800.0,0.1991991991991992
269.0,800.0,66,3.6,10134.0,1,22,4,197,425,531.0,0.33625
298.0,999.0,70,4.3,1552.0,1,1,4,154,263,701.0,0.2982982982982983
1499.0,2999.0,50,4.1,25262.0,2,12,4,142,460,1500.0,0.49983327775925307
649.0,1245.0,48,3.9,123365.0,4,17,5,186,1081,596.0,0.521285140562249
1199.0,1695.0,29,3.6,13300.0,4,11,4,76,407,496.0,0.7073746312684366
1199.0,2000.0,40,4.0,18543.0,4,11,4,143,1185,801.0,0.5995
455.0,999.0,54,4.1,3578.0,4,17,5,95,1393,544.0,0.45545545545545546
199.0,1999.0,90,3.7,2031.0,4,17,4,156,682,1800.0,0.09954977488744372
293.0,499.0,41,3.9,44994.0,4,17,4,101,496,206.0,0.5871743486973948
199.0,495.0,60,4.1,270563.0,4,16,5,153,553,296.0,0.402020202020202
749.0,1245.0,40,3.9,31783.0,4,17,5,41,650,496.0,0.6016064257028112
1399.0,1549.0,10,3.9,2602.0,4,11,4,40,441,150.0,0.9031633311814073
749.0,1445.0,48,3.9,63350.0,4,17,5,65,756,696.0,0.5183391003460207
1699.0,3193.0,47,3.8,54032.0,4,17,4,63,775,1494.0,0.5321014719699342
1043.0,1345.0,22,3.8,15592.0,4,17,5,59,601,302.0,0.7754646840148699
499.0,999.0,50,4.1,4859.0,4,17,5,121,616,500.0,0.4994994994994995
1464.0,1650.0,11,4.1,14120.0,4,11,4,42,393,186.0,0.8872727272727273
249.0,499.0,50,3.3,8427.0,4,17,4,88,765,250.0,0.49899799599198397
625.0,1400.0,55,4.2,23316.0,4,17,6,100,54,775.0,0.44642857142857145
1290.0,2500.0,48,4.0,6530.0,4,17,4,134,938,1210.0,0.516
3600.0,6190.0,42,4.3,11924.0,4,11,4,52,454,2590.0,0.5815831987075929
6549.0,13999.0,53,4.0,2961.0,4,11,3,101,542,7450.0,0.4678191299378527
1625.0,2995.0,46,4.5,23484.0,4,17,5,153,235,1370.0,0.5425709515859767
2599.0,5890.0,56,4.1,21783.0,4,11,4,68,212,3291.0,0.44125636672325974
1199.0,2000.0,40,4.0,14030.0,4,17,5,190,56,801.0,0.5995
5499.0,13150.0,58,4.2,6398.0,4,11,4,199,223,7651.0,0.4181749049429658
1299.0,3500.0,63,3.8,44050.0,4,17,4,153,594,2201.0,0.37114285714285716
599.0,785.0,24,4.2,24247.0,4,17,6,118,360,186.0,0.7630573248407644
1999.0,3210.0,38,4.2,41349.0,4,17,4,66,1154,1211.0,0.6227414330218068
549.0,1000.0,45,3.6,1074.0,4,17,5,156,446,451.0,0.549
999.0,2000.0,50,3.8,1163.0,4,11,4,150,381,1001.0,0.4995
398.0,1999.0,80,4.1,257.0,4,17,5,141,1021,1601.0,0.19909954977488745
539.0,720.0,25,4.1,36017.0,4,11,4,51,285,181.0,0.7486111111111111
699.0,1595.0,56,4.1,8090.0,4,17,5,181,1311,896.0,0.43824451410658305
2148.0,3645.0,41,4.1,31388.0,4,17,4,68,466,1497.0,0.5893004115226338
3599.0,7950.0,55,4.2,136.0,4,17,5,122,879,4351.0,0.45270440251572325
351.0,999.0,65,4.0,5380.0,4,14,4,95,698,648.0,0.35135135135135137
1614.0,1745.0,8,4.3,37974.0,4,17,6,53,764,131.0,0.9249283667621776
719.0,1295.0,44,4.2,17218.0,4,11,4,45,290,576.0,0.5552123552123552
678.0,1499.0,55,4.2,900.0,4,17,5,130,524,821.0,0.4523015343562375
809.0,1545.0,48,3.7,976.0,4,17,5,185,1105,736.0,0.5236245954692557
1969.0,5000.0,61,4.1,4927.0,4,17,4,76,238,3031.0,0.3938
1490.0,1695.0,12,4.4,3543.0,4,17,5,140,453,205.0,0.8790560471976401
2499.0,3945.0,37,3.8,2732.0,4,11,4,44,262,1446.0,0.6334600760456274
1665.0,2099.0,21,4.0,14368.0,4,17,6,99,334,434.0,0.7932348737494045
3229.0,5295.0,39,4.2,39724.0,4,17,4,119,125,2066.0,0.6098205854579792
1799.0,3595.0,50,3.8,9791.0,4,17,4,106,742,1796.0,0.5004172461752434
1260.0,1699.0,26,4.2,2891.0,4,17,5,86,355,439.0,0.7416127133608005
749.0,1129.0,34,4.0,2446.0,4,11,4,64,476,380.0,0.6634189548272807
3499.0,5795.0,40,3.9,25340.0,4,17,4,54,1024,2296.0,0.6037963761863676
379.0,999.0,62,4.3,3096.0,4,17,4,114,853,620.0,0.3793793793793794
1099.0,2400.0,54,3.8,4.0,4,11,4,160,334,1301.0,0.4579166666666667
749.0,1299.0,42,4.0,119.0,4,17,5,66,640,550.0,0.5765973826020016
1299.0,1299.0,0,4.2,40106.0,4,17,4,39,343,0.0,1.0
549.0,1090.0,50,4.2,13029.0,4,17,6,80,541,541.0,0.5036697247706422
899.0,2000.0,55,3.6,291.0,4,11,4,178,757,1101.0,0.4495
1321.0,1545.0,14,4.3,15453.0,4,17,6,56,334,224.0,0.8550161812297734
1099.0,1999.0,45,4.0,604.0,4,17,5,197,2139,900.0,0.5497748874437218
775.0,875.0,11,4.2,46647.0,4,17,6,100,257,100.0,0.8857142857142857
6299.0,15270.0,59,4.1,3233.0,4,11,4,198,319,8971.0,0.4125081859855927
3190.0,4195.0,24,4.0,1282.0,4,17,6,176,418,1005.0,0.7604290822407628
799.0,1989.0,60,4.3,70.0,4,11,4,165,552,1190.0,0.4017094017094017
2699.0,5000.0,46,4.0,26164.0,4,17,4,196,1079,2301.0,0.5398
599.0,990.0,39,3.9,16166.0,4,17,6,76,521,391.0,0.6050505050505051
749.0,1111.0,33,4.2,35693.0,4,17,5,59,296,362.0,0.6741674167416741
6199.0,10400.0,40,4.1,14391.0,4,11,4,101,519,4201.0,0.5960576923076923
1819.0,2490.0,27,4.4,7946.0,4,17,4,55,138,671.0,0.7305220883534137
1199.0,1900.0,37,4.0,1765.0,4,17,5,192,480,701.0,0.6310526315789474
3249.0,6295.0,48,3.8,14062.0,4,17,4,41,291,3046.0,0.5161239078633837
349.0,999.0,65,4.0,15646.0,4,17,4,119,309,650.0,0.34934934934934936
1049.0,1699.0,38,3.1,111.0,4,11,4,133,564,650.0,0.6174220129487934
799.0,1500.0,47,4.3,9695.0,4,17,5,195,846,701.0,0.5326666666666666
4999.0,9650.0,48,4.2,1772.0,4,11,4,198,266,4651.0,0.5180310880829015
6999.0,10590.0,34,4.4,11499.0,4,17,4,48,677,3591.0,0.6609065155807365
799.0,1999.0,60,4.1,2162.0,4,17,4,173,1244,1200.0,0.3996998499249625
89.0,89.0,0,4.2,19621.0,4,17,4,179,731,0.0,1.0
1400.0,2485.0,44,4.1,19998.0,4,11,4,75,492,1085.0,0.5633802816901409
355.0,899.0,61,4.1,1051.0,4,14,4,120,840,544.0,0.39488320355951056
2169.0,3279.0,34,4.1,1716.0,4,11,4,78,638,1110.0,0.6614821591948765
2799.0,3799.0,26,3.9,32931.0,4,17,6,164,796,1000.0,0.7367728349565675
899.0,1249.0,28,3.9,17424.0,4,17,5,181,1271,350.0,0.7197758206565252
2499.0,5000.0,50,3.8,1889.0,4,11,3,69,316,2501.0,0.4998
3599.0,7299.0,51,4.0,10324.0,4,11,4,49,532,3700.0,0.4930812440060282
499.0,625.0,20,4.2,5355.0,4,17,6,99,264,126.0,0.7984
653.0,1020.0,36,4.1,3366.0,4,11,4,48,220,367.0,0.6401960784313725
4789.0,8990.0,47,4.3,1017.0,4,17,4,166,630,4201.0,0.5327030033370411
1409.0,1639.0,14,3.7,787.0,4,11,4,77,725,230.0,0.8596705308114704
753.0,899.0,16,4.2,18462.0,4,17,4,48,525,146.0,0.8375973303670745
353.0,1199.0,71,4.3,629.0,4,17,4,113,585,846.0,0.2944120100083403
1099.0,1899.0,42,4.3,15276.0,4,17,4,176,662,800.0,0.5787256450763559
8799.0,11595.0,24,4.4,2981.0,4,17,5,153,500,2796.0,0.7588615782664941
1345.0,1750.0,23,3.8,2466.0,4,17,5,179,1122,405.0,0.7685714285714286
2095.0,2095.0,0,4.5,7949.0,4,17,4,74,114,0.0,1.0
1498.0,2300.0,35,3.8,95.0,4,11,4,73,647,802.0,0.6513043478260869
2199.0,2990.0,26,3.8,1558.0,4,11,4,72,228,791.0,0.7354515050167224
3699.0,4295.0,14,4.1,26543.0,4,17,4,53,1118,596.0,0.8612339930151339
177.0,199.0,11,4.1,3688.0,4,14,4,182,584,22.0,0.8894472361809045
1149.0,2499.0,54,3.8,4383.0,4,17,4,182,506,1350.0,0.4597839135654262
244.0,499.0,51,3.3,478.0,4,17,5,21,180,255.0,0.48897795591182364
1959.0,2400.0,18,4.0,237.0,4,11,4,129,106,441.0,0.81625
319.0,749.0,57,4.6,124.0,4,17,5,85,602,430.0,0.4259012016021362
1499.0,1775.0,16,3.9,14667.0,4,17,5,176,161,276.0,0.8445070422535211
469.0,1599.0,71,3.7,6.0,4,17,5,105,1391,1130.0,0.2933083176985616
1099.0,1795.0,39,4.2,4244.0,4,17,4,104,262,696.0,0.6122562674094707
9590.0,15999.0,40,4.1,1017.0,4,11,4,135,582,6409.0,0.5994124632789549
999.0,1490.0,33,4.1,12999.0,4,11,4,157,1044,491.0,0.6704697986577182
1299.0,1999.0,35,3.8,311.0,4,17,5,191,403,700.0,0.6498249124562281
292.0,499.0,41,4.1,4238.0,4,17,4,114,325,207.0,0.5851703406813628
160.0,299.0,46,4.6,2781.0,4,17,4,99,80,139.0,0.5351170568561873
600.0,600.0,0,4.1,10907.0,4,17,4,73,569,0.0,1.0
1130.0,1130.0,0,4.2,13250.0,4,17,4,73,569,0.0,1.0
3249.0,6295.0,48,3.9,43070.0,4,17,4,95,981,3046.0,0.5161239078633837
3599.0,9455.0,62,4.1,11828.0,4,17,4,142,1419,5856.0,0.38064516129032255
368.0,699.0,47,4.1,1240.0,4,17,4,34,823,331.0,0.5264663805436338
3199.0,4999.0,36,4.0,20869.0,4,17,4,50,906,1800.0,0.6399279855971194
1599.0,2900.0,45,3.7,441.0,4,17,4,200,459,1301.0,0.5513793103448276
1999.0,2499.0,20,4.1,1034.0,4,17,4,192,965,500.0,0.7999199679871949
616.0,1190.0,48,4.1,37126.0,4,17,6,80,293,574.0,0.5176470588235295
1499.0,2100.0,29,4.1,6355.0,4,17,4,118,569,601.0,0.7138095238095238
199.0,499.0,60,3.3,12.0,4,17,4,171,665,300.0,0.39879759519038077
610.0,825.0,26,4.1,13165.0,4,11,4,85,397,215.0,0.7393939393939394
999.0,1499.0,33,4.1,1646.0,4,17,4,187,964,500.0,0.6664442961974649
8999.0,9995.0,10,4.4,17994.0,4,17,6,64,578,996.0,0.9003501750875438
453.0,999.0,55,4.3,610.0,4,17,5,210,946,546.0,0.45345345345345345
2464.0,6000.0,59,4.1,8866.0,4,17,4,56,384,3536.0,0.4106666666666667
2719.0,3945.0,31,3.7,13406.0,4,17,4,108,512,1226.0,0.6892268694550063
1439.0,1999.0,28,4.8,53803.0,4,11,4,180,1529,560.0,0.7198599299649825
2799.0,3499.0,20,4.5,546.0,4,17,4,192,976,700.0,0.7999428408116604
2088.0,5550.0,62,4.0,5292.0,4,11,4,166,480,3462.0,0.3762162162162162
2399.0,4590.0,48,4.1,444.0,4,11,4,167,98,2191.0,0.5226579520697168
308.0,499.0,38,3.9,4584.0,4,17,4,42,82,191.0,0.6172344689378757
2599.0,4400.0,41,4.1,14947.0,4,11,4,82,529,1801.0,0.5906818181818182
479.0,1000.0,52,4.2,1559.0,4,17,6,84,364,521.0,0.479
245.0,299.0,18,4.1,1660.0,4,17,5,50,183,54.0,0.8193979933110368
179.0,799.0,78,3.5,132.0,4,17,5,195,617,620.0,0.22403003754693368
3569.0,5190.0,31,4.3,28629.0,4,11,4,92,825,1621.0,0.6876685934489403
699.0,1345.0,48,3.9,8446.0,4,17,5,186,1270,646.0,0.5197026022304833
2089.0,4000.0,48,4.2,11199.0,4,17,4,60,329,1911.0,0.52225
2339.0,4000.0,42,3.8,1118.0,0,4,4,177,1965,1661.0,0.58475
784.0,1599.0,51,4.5,11.0,4,11,4,84,271,815.0,0.4903064415259537
5499.0,9999.0,45,3.8,4353.0,4,17,6,192,930,4500.0,0.54995499549955
899.0,1990.0,55,4.1,185.0,4,11,4,67,1256,1091.0,0.45175879396984925
1695.0,1695.0,0,4.2,14290.0,4,17,4,46,919,0.0,1.0
499.0,940.0,47,4.1,3036.0,4,17,6,98,264,441.0,0.5308510638297872
2699.0,4700.0,43,4.2,1296.0,4,11,4,92,1431,2001.0,0.5742553191489361
1448.0,2999.0,52,4.5,19.0,4,11,4,175,354,1551.0,0.48282760920306766
79.0,79.0,0,4.0,97.0,4,17,4,166,747,0.0,1.0
6990.0,14290.0,51,4.4,1771.0,4,11,4,97,548,7300.0,0.48915325402379284
2698.0,3945.0,32,4.0,15034.0,4,17,4,79,431,1247.0,0.6839036755386565
3199.0,5999.0,47,4.0,3242.0,4,17,6,98,513,2800.0,0.5332555425904317
1199.0,1950.0,39,3.9,2832.0,4,17,5,159,601,751.0,0.6148717948717949
1414.0,2799.0,49,4.0,1498.0,4,17,4,177,940,1385.0,0.5051804215791355
999.0,1950.0,49,3.8,305.0,4,17,5,130,570,951.0,0.5123076923076924
5999.0,9999.0,40,4.2,1191.0,4,17,6,168,1227,4000.0,0.5999599959995999
9970.0,12999.0,23,4.3,4049.0,4,11,4,194,575,3029.0,0.7669820755442727
698.0,699.0,0,4.2,3160.0,4,17,4,75,437,1.0,0.9985693848354793
2199.0,3190.0,31,4.3,9650.0,4,11,4,51,303,991.0,0.6893416927899687
320.0,799.0,60,4.2,3846.0,4,14,4,99,659,479.0,0.4005006257822278
298.0,499.0,40,4.4,290.0,4,17,5,198,2064,201.0,0.5971943887775552
1199.0,1499.0,20,3.8,2206.0,4,17,4,113,916,300.0,0.799866577718479
1399.0,2660.0,47,4.1,9349.0,4,11,4,39,454,1261.0,0.5259398496240602
599.0,2799.0,79,3.9,578.0,4,17,4,194,622,2200.0,0.21400500178635226
1499.0,1499.0,0,4.3,9331.0,4,17,4,43,443,0.0,1.0
14400.0,59900.0,76,4.4,3837.0,4,11,4,176,5,45500.0,0.24040066777963273
1699.0,1900.0,11,3.6,11456.0,4,17,4,136,779,201.0,0.8942105263157895
649.0,999.0,35,3.8,49.0,4,11,4,57,367,350.0,0.6496496496496497
3249.0,6375.0,49,4.0,4978.0,4,17,4,66,192,3126.0,0.5096470588235295
199.0,499.0,60,4.1,1996.0,4,14,4,175,583,300.0,0.39879759519038077
1099.0,1899.0,42,4.3,1811.0,4,17,4,82,508,800.0,0.5787256450763559
664.0,1490.0,55,4.0,2198.0,4,17,5,107,90,826.0,0.44563758389261743
260.0,350.0,26,3.9,13127.0,4,17,4,49,170,90.0,0.7428571428571429
6499.0,8500.0,24,4.4,5865.0,4,11,4,103,1046,2001.0,0.7645882352941177
1484.0,2499.0,41,3.7,1067.0,4,17,4,144,177,1015.0,0.5938375350140056
999.0,1560.0,36,3.6,4881.0,4,17,6,115,727,561.0,0.6403846153846153
3299.0,6500.0,49,3.7,11217.0,4,17,4,225,1477,3201.0,0.5075384615384615
259.0,999.0,74,4.0,43.0,4,17,4,154,787,740.0,0.25925925925925924
3249.0,7795.0,58,4.2,4664.0,4,17,4,72,745,4546.0,0.41680564464400255
4280.0,5995.0,29,3.8,2112.0,4,17,6,100,542,1715.0,0.7139282735613011
189.0,299.0,37,4.2,2737.0,4,14,5,128,1848,110.0,0.6321070234113713
1449.0,2349.0,38,3.9,9019.0,4,11,4,92,664,900.0,0.6168582375478927
199.0,499.0,60,4.0,10234.0,4,14,4,152,573,300.0,0.39879759519038077
474.0,1299.0,64,4.1,550.0,4,17,4,173,370,825.0,0.3648960739030023
279.0,499.0,44,4.8,28.0,4,17,4,268,1173,220.0,0.5591182364729459
1999.0,4775.0,58,4.2,1353.0,4,11,4,62,125,2776.0,0.4186387434554974
799.0,1230.0,35,4.1,2138.0,4,17,5,163,1111,431.0,0.6495934959349593
949.0,1999.0,53,4.0,1679.0,4,17,4,200,1267,1050.0,0.4747373686843422
3657.66,5156.0,29,3.9,12837.0,4,17,5,101,589,1498.3400000000001,0.7093987587276959
1699.0,1999.0,15,4.1,8873.0,4,17,4,67,245,300.0,0.8499249624812406
1849.0,2095.0,12,4.3,7681.0,4,17,6,58,841,246.0,0.8825775656324583
12499.0,19825.0,37,4.1,322.0,4,11,4,62,310,7326.0,0.6304665825977301
1099.0,1920.0,43,4.2,9772.0,4,17,6,114,265,821.0,0.5723958333333333
8199.0,16000.0,49,3.9,18497.0,4,17,4,137,1202,7801.0,0.5124375
499.0,2199.0,77,3.7,53.0,4,17,4,158,1038,1700.0,0.22692132787630742
6999.0,14999.0,53,4.1,1728.0,4,17,6,192,543,8000.0,0.4666311087405827
1595.0,1799.0,11,4.0,2877.0,4,17,4,230,1915,204.0,0.886603668704836
1049.0,1950.0,46,3.8,250.0,4,17,6,155,472,901.0,0.5379487179487179
1182.0,2995.0,61,4.2,5178.0,4,17,5,151,555,1813.0,0.3946577629382304
499.0,999.0,50,4.6,79.0,4,17,5,193,1531,500.0,0.4994994994994995
8799.0,11995.0,27,4.1,4157.0,4,11,4,116,1008,3196.0,0.7335556481867445
1529.0,2999.0,49,3.3,29.0,4,11,4,163,1528,1470.0,0.5098366122040681
1199.0,1690.0,29,4.2,4580.0,4,17,6,66,288,491.0,0.7094674556213018
1052.0,1790.0,41,4.3,1404.0,4,17,4,178,745,738.0,0.587709497206704
6499.0,8995.0,28,4.3,2810.0,4,17,4,70,472,2496.0,0.7225125069483046
239.0,239.0,0,4.3,7.0,4,17,5,107,243,0.0,1.0
699.0,1599.0,56,4.7,1729.0,4,17,4,179,860,900.0,0.4371482176360225
2599.0,4290.0,39,4.4,2116.0,4,17,3,80,1300,1691.0,0.6058275058275058
1547.0,2890.0,46,3.9,463.0,4,17,6,191,336,1343.0,0.5352941176470588
499.0,1299.0,62,4.7,54.0,4,17,4,132,1483,800.0,0.38414164742109314
510.0,640.0,20,4.1,7229.0,4,11,4,47,593,130.0,0.796875
1899.0,3790.0,50,3.8,3842.0,4,11,4,119,539,1891.0,0.5010554089709762
2599.0,4560.0,43,4.4,646.0,4,11,4,70,796,1961.0,0.5699561403508772
1199.0,3500.0,66,4.3,1802.0,4,17,4,195,338,2301.0,0.3425714285714286
999.0,2600.0,62,3.4,252.0,4,11,4,128,705,1601.0,0.3842307692307692
1999.0,3300.0,39,4.2,780.0,4,17,4,48,953,1301.0,0.6057575757575757
210.0,699.0,70,3.7,74.0,4,17,4,191,1368,489.0,0.30042918454935624
14499.0,23559.0,38,4.3,2026.0,4,11,4,199,796,9060.0,0.6154335922577359
950.0,1599.0,41,4.3,5911.0,4,14,4,54,94,649.0,0.5941213258286429
7199.0,9995.0,28,4.4,1964.0,4,17,5,112,557,2796.0,0.7202601300650325
2439.0,2545.0,4,4.1,25.0,4,11,4,77,165,106.0,0.9583497053045187
7799.0,8995.0,13,4.0,3160.0,4,17,6,126,1019,1196.0,0.8670372429127293
1599.0,1999.0,20,4.4,1558.0,4,17,4,132,1195,400.0,0.7998999499749875
2899.0,5500.0,47,3.8,8958.0,4,17,4,196,1022,2601.0,0.527090909090909
9799.0,12150.0,19,4.3,13251.0,4,17,4,141,645,2351.0,0.8065020576131687
3299.0,4995.0,34,3.8,1393.0,4,17,6,81,326,1696.0,0.6604604604604605
669.0,1499.0,55,2.3,13.0,4,17,4,154,1394,830.0,0.44629753168779185
5890.0,7506.0,22,4.5,7241.0,4,17,4,53,399,1616.0,0.7847055688782307
9199.0,18000.0,49,4.0,16020.0,4,17,4,172,815,8801.0,0.5110555555555556
351.0,1099.0,68,3.7,1470.0,4,14,4,87,490,748.0,0.31938125568698816
899.0,1900.0,53,4.0,3663.0,3,13,5,65,1570,1001.0,0.4731578947368421
1349.0,1850.0,27,4.4,638.0,4,17,5,200,1218,501.0,0.7291891891891892
6236.0,9999.0,38,4.1,3552.0,4,17,6,139,478,3763.0,0.6236623662366236
2742.0,3995.0,31,4.4,11148.0,4,17,4,186,1519,1253.0,0.6863579474342929
721.0,1499.0,52,3.1,2449.0,4,17,4,181,958,778.0,0.4809873248832555
2903.0,3295.0,12,4.3,2299.0,4,17,6,174,456,392.0,0.88103186646434
1656.0,2695.0,39,4.4,6027.0,4,17,4,197,1546,1039.0,0.6144712430426716
1399.0,2290.0,39,4.4,461.0,4,17,4,154,1145,891.0,0.6109170305676855
2079.0,3099.0,33,4.1,282.0,4,17,4,191,573,1020.0,0.6708615682478218
999.0,1075.0,7,4.1,9275.0,4,11,4,195,509,76.0,0.9293023255813954
3179.0,6999.0,55,4.0,743.0,4,17,6,184,1163,3820.0,0.45420774396342334
1049.0,2499.0,58,3.6,328.0,4,11,4,128,1717,1450.0,0.41976790716286516
3599.0,7290.0,51,3.9,942.0,4,11,4,115,733,3691.0,0.4936899862825789
4799.0,5795.0,17,3.9,3815.0,4,17,4,86,520,996.0,0.8281276962899051
1699.0,3398.0,50,3.8,7988.0,4,17,4,159,655,1699.0,0.5
664.0,1490.0,55,4.1,925.0,4,17,5,104,90,826.0,0.44563758389261743
948.0,1620.0,41,4.1,4370.0,4,11,4,97,426,672.0,0.5851851851851851
850.0,1000.0,15,4.1,7619.0,4,17,6,86,571,150.0,0.85
600.0,640.0,6,3.8,2593.0,4,17,4,44,237,40.0,0.9375
3711.0,4495.0,17,4.3,356.0,4,11,4,57,534,784.0,0.8255839822024471
799.0,2999.0,73,4.5,63.0,4,17,4,154,770,2200.0,0.2664221407135712
980.0,980.0,0,4.2,4740.0,4,17,4,93,594,0.0,1.0
351.0,899.0,61,3.9,296.0,4,14,4,97,789,548.0,0.39043381535038935
229.0,499.0,54,3.5,185.0,4,17,4,106,154,270.0,0.4589178356713427
3349.0,3995.0,16,4.3,1954.0,4,17,6,172,409,646.0,0.8382978723404255
5499.0,11500.0,52,3.9,959.0,4,11,4,112,284,6001.0,0.4781739130434783
299.0,499.0,40,3.9,1015.0,4,17,5,192,525,200.0,0.5991983967935872
2249.0,3550.0,37,4.0,3973.0,4,11,3,163,1451,1301.0,0.6335211267605634
699.0,1599.0,56,4.7,2300.0,4,17,4,178,14,900.0,0.4371482176360225
1235.0,1499.0,18,4.1,203.0,4,11,4,95,363,264.0,0.8238825883922615
1349.0,2999.0,55,3.8,441.0,4,17,4,200,670,1650.0,0.4498166055351784
6800.0,11500.0,41,4.1,10308.0,4,11,4,93,493,4700.0,0.591304347826087
2099.0,2499.0,16,4.1,992.0,4,17,6,155,179,400.0,0.8399359743897559
1699.0,1975.0,14,4.1,4716.0,4,17,4,164,649,276.0,0.860253164556962
1069.0,1699.0,37,3.9,313.0,4,11,4,107,262,630.0,0.6291936433195998
1349.0,2495.0,46,3.8,166.0,4,11,4,151,876,1146.0,0.5406813627254509
1499.0,3500.0,57,4.1,303.0,4,11,4,48,368,2001.0,0.42828571428571427
2092.0,4600.0,55,4.3,562.0,4,17,4,103,394,2508.0,0.4547826086956522
3859.0,10295.0,63,3.9,8095.0,4,17,6,148,1202,6436.0,0.37484215638659546
499.0,2199.0,77,2.8,109.0,4,17,4,158,762,1700.0,0.22692132787630742
1804.0,2380.0,24,4.0,15382.0,4,11,4,87,604,576.0,0.7579831932773109
6525.0,8820.0,26,4.5,5137.0,4,17,4,88,582,2295.0,0.7397959183673469
4999.0,24999.0,80,4.6,124.0,4,17,4,174,1713,20000.0,0.1999679987199488
1189.0,2400.0,50,4.1,618.0,4,17,4,65,576,1211.0,0.49541666666666667
2590.0,4200.0,38,4.1,63.0,4,11,4,102,639,1610.0,0.6166666666666667
899.0,1599.0,44,3.4,15.0,4,11,4,103,292,700.0,0.5622263914946842
998.0,2999.0,67,4.6,9.0,4,11,4,135,508,2001.0,0.3327775925308436
998.06,1282.0,22,4.2,7274.0,4,14,4,61,298,283.94000000000005,0.7785179407176287
1099.0,1990.0,45,3.9,5911.0,4,11,4,100,385,891.0,0.5522613065326634
5999.0,9999.0,40,4.2,170.0,4,17,4,109,476,4000.0,0.5999599959995999
8886.0,11850.0,25,4.2,3065.0,4,17,6,217,2126,2964.0,0.7498734177215189
475.0,999.0,52,4.1,1021.0,4,17,5,140,1104,524.0,0.4754754754754755
4995.0,20049.0,75,4.8,3964.0,4,17,5,176,1026,15054.0,0.24913960796049678
13999.0,24850.0,44,4.4,8948.0,4,17,4,96,1523,10851.0,0.5633400402414487
8499.0,16490.0,48,4.3,97.0,4,17,4,95,1156,7991.0,0.5154032747119466
949.0,975.0,3,4.3,7223.0,4,17,6,69,269,26.0,0.9733333333333334
395.0,499.0,21,4.0,330.0,4,14,4,161,583,104.0,0.7915831663326653
635.0,635.0,0,4.3,4570.0,4,17,5,80,298,0.0,1.0
717.0,1390.0,48,4.0,4867.0,4,17,6,101,914,673.0,0.5158273381294964
27900.0,59900.0,53,4.4,5298.0,4,17,6,186,1210,32000.0,0.4657762938230384
649.0,670.0,3,4.1,7786.0,4,17,4,34,140,21.0,0.9686567164179104
193.0,399.0,52,3.6,37.0,4,17,4,196,713,206.0,0.48370927318295737
1299.0,2495.0,48,2.0,2.0,4,11,4,53,198,1196.0,0.5206412825651303
2449.0,3390.0,28,4.0,5206.0,4,17,4,99,300,941.0,0.7224188790560472
1049.0,2499.0,58,3.7,638.0,4,11,4,126,1717,1450.0,0.41976790716286516
2399.0,4200.0,43,3.8,397.0,4,11,4,48,259,1801.0,0.5711904761904761
2286.0,4495.0,49,3.9,326.0,4,17,6,184,1843,2209.0,0.5085650723025584
499.0,2199.0,77,3.1,3527.0,4,17,4,155,1026,1700.0,0.22692132787630742
429.0,999.0,57,3.0,617.0,4,17,4,189,1012,570.0,0.4294294294294294
299.0,595.0,50,4.0,314.0,4,17,4,53,542,296.0,0.5025210084033613
5395.0,19990.0,73,4.4,535.0,4,17,4,172,1881,14595.0,0.2698849424712356
559.0,1010.0,45,4.1,17325.0,4,17,6,93,276,451.0,0.5534653465346535
660.0,1100.0,40,3.6,91.0,4,17,6,166,98,440.0,0.6
419.0,999.0,58,4.4,227.0,4,17,4,107,244,580.0,0.4194194194194194
7349.0,10900.0,33,4.2,11957.0,4,11,4,83,608,3551.0,0.6742201834862386
2899.0,4005.0,28,4.3,7140.0,4,11,4,61,224,1106.0,0.7238451935081148
1799.0,3295.0,45,3.8,687.0,4,17,6,200,1509,1496.0,0.5459787556904401
1474.0,4650.0,68,4.1,1045.0,4,17,4,93,591,3176.0,0.316989247311828
15999.0,24500.0,35,4.0,11206.0,4,17,4,184,2305,8501.0,0.6530204081632653
3645.0,6070.0,40,4.2,561.0,4,11,4,72,412,2425.0,0.600494233937397
375.0,999.0,62,3.6,1988.0,4,17,4,198,1735,624.0,0.37537537537537535
2976.0,3945.0,25,4.2,3740.0,4,17,4,69,346,969.0,0.7543726235741445
1099.0,1499.0,27,4.1,4401.0,4,17,4,197,558,400.0,0.733155436957972
2575.0,6700.0,62,4.2,611.0,4,17,6,163,1132,4125.0,0.3843283582089552
1649.0,2800.0,41,3.9,2162.0,4,17,4,64,477,1151.0,0.5889285714285715
799.0,1699.0,53,4.0,97.0,4,17,4,122,707,900.0,0.47027663331371394
765.0,970.0,21,4.2,6055.0,4,17,4,44,269,205.0,0.788659793814433
999.0,1500.0,33,4.2,386.0,4,17,5,198,824,501.0,0.666
587.0,1295.0,55,4.1,557.0,4,17,4,103,162,708.0,0.4532818532818533
12609.0,23999.0,47,4.4,2288.0,4,17,5,62,521,11390.0,0.5253968915371474
699.0,850.0,18,4.1,1106.0,4,17,6,44,361,151.0,0.8223529411764706
3799.0,6000.0,37,4.2,11935.0,4,17,6,133,999,2201.0,0.6331666666666667
640.0,1020.0,37,4.1,5059.0,4,11,4,98,98,380.0,0.6274509803921569
979.0,1999.0,51,3.9,157.0,4,11,4,165,1012,1020.0,0.4897448724362181
5365.0,7445.0,28,3.9,3584.0,4,11,4,66,39,2080.0,0.7206178643384822
3199.0,3500.0,9,4.2,1899.0,4,17,6,73,667,301.0,0.914
979.0,1395.0,30,4.2,15252.0,4,17,4,133,1231,416.0,0.7017921146953405
929.0,2199.0,58,3.7,4.0,4,11,4,63,21,1270.0,0.42246475670759437
3710.0,4330.0,14,3.7,1662.0,4,17,5,104,169,620.0,0.8568129330254042
2033.0,4295.0,53,3.4,422.0,4,17,4,182,1205,2262.0,0.47334109429569265
9495.0,18990.0,50,4.2,79.0,4,11,4,69,1133,9495.0,0.5
7799.0,12500.0,38,4.0,5160.0,4,11,4,132,520,4701.0,0.62392
949.0,2385.0,60,4.1,2311.0,4,17,5,167,616,1436.0,0.3979035639412998
2790.0,4890.0,43,3.9,588.0,4,11,4,122,529,2100.0,0.5705521472392638
645.0,1100.0,41,4.0,3271.0,4,17,6,78,676,455.0,0.5863636363636363
2237.81,3899.0,43,3.9,11004.0,4,17,4,49,794,1661.19,0.5739446011797896
8699.0,16899.0,49,4.2,3195.0,4,11,4,127,1466,8200.0,0.5147641872300136
42990.0,75990.0,43,4.3,3231.0,4,11,4,155,827,33000.0,0.5657323332017371
825.0,825.0,0,4.0,3246.0,4,17,4,62,312,0.0,1.0
161.0,300.0,46,2.6,24.0,4,17,4,89,575,139.0,0.5366666666666666
697.0,1499.0,54,3.8,144.0,4,17,4,120,501,802.0,0.46497665110073383
688.0,747.0,8,4.5,2280.0,4,17,4,58,141,59.0,0.9210174029451138
2199.0,3999.0,45,3.5,340.0,4,11,4,73,135,1800.0,0.5498874718679669
6850.0,11990.0,43,3.9,144.0,4,11,4,78,332,5140.0,0.5713094245204337
2699.0,3799.0,29,4.0,727.0,4,11,4,76,490,1100.0,0.7104501184522243
899.0,1999.0,55,4.0,832.0,4,17,4,170,742,1100.0,0.4497248624312156
1090.0,2999.0,64,3.5,57.0,4,11,4,91,536,1909.0,0.3634544848282761
295.0,599.0,51,4.0,1644.0,4,17,4,185,311,304.0,0.49248747913188645
479.0,1999.0,76,3.4,1066.0,4,17,5,132,221,1520.0,0.23961980990495246
2949.0,4849.0,39,4.2,7968.0,4,11,4,68,1088,1900.0,0.6081666322953186
335.0,510.0,34,3.8,3195.0,4,11,4,64,241,175.0,0.6568627450980392
293.0,499.0,41,4.1,1456.0,4,17,4,485,761,206.0,0.5871743486973948
599.0,1299.0,54,4.2,590.0,4,17,4,119,1130,700.0,0.4611239414934565
499.0,999.0,50,4.3,1436.0,4,17,4,128,776,500.0,0.4994994994994995
849.0,1190.0,29,4.2,4184.0,4,17,6,160,364,341.0,0.7134453781512605
249.0,400.0,38,4.1,693.0,4,17,4,94,243,151.0,0.6225
185.0,599.0,69,3.9,1306.0,4,17,4,185,665,414.0,0.3088480801335559
778.0,999.0,22,3.3,8.0,4,11,4,143,489,221.0,0.7787787787787788
279.0,699.0,60,4.3,2326.0,4,17,5,179,960,420.0,0.39914163090128757
215.0,1499.0,86,3.9,1004.0,4,17,4,110,1169,1284.0,0.14342895263509006
889.0,1295.0,31,4.3,6400.0,4,17,6,142,293,406.0,0.6864864864864865
1449.0,4999.0,71,3.6,63.0,4,11,4,93,334,3550.0,0.28985797159431886
1190.0,2550.0,53,3.8,1181.0,4,11,4,166,100,1360.0,0.4666666666666667
1799.0,1950.0,8,3.9,1888.0,4,17,4,176,721,151.0,0.9225641025641026
6120.0,8478.0,28,4.6,6550.0,4,17,4,53,553,2358.0,0.721868365180467
1799.0,3299.0,45,3.8,1846.0,4,17,4,67,16,1500.0,0.5453167626553501
2199.0,3895.0,44,3.9,1085.0,4,17,4,88,120,1696.0,0.5645699614890886
3685.0,5495.0,33,4.1,290.0,4,17,4,177,772,1810.0,0.6706096451319381
649.0,999.0,35,3.6,4.0,4,17,4,197,2089,350.0,0.6496496496496497
8599.0,8995.0,4,4.4,9734.0,4,17,4,69,394,396.0,0.9559755419677599
1110.0,1599.0,31,4.3,4022.0,4,17,6,100,248,489.0,0.6941838649155723
1499.0,3500.0,57,4.7,2591.0,4,11,4,194,1646,2001.0,0.42828571428571427
759.0,1999.0,62,4.3,532.0,4,17,4,69,1082,1240.0,0.3796898449224612
2669.0,3199.0,17,3.9,260.0,4,17,6,184,2128,530.0,0.8343232260081276
929.0,1300.0,29,3.9,1672.0,4,17,4,157,325,371.0,0.7146153846153847
199.0,399.0,50,3.7,7945.0,4,14,4,150,398,200.0,0.49874686716791977
279.0,599.0,53,3.5,1367.0,4,17,5,184,630,320.0,0.4657762938230384
549.0,999.0,45,4.0,1313.0,4,17,4,190,385,450.0,0.5495495495495496
85.0,199.0,57,4.1,212.0,4,14,5,69,375,114.0,0.4271356783919598
499.0,1299.0,62,3.9,65.0,4,17,4,137,340,800.0,0.38414164742109314
5865.0,7776.0,25,4.4,2737.0,4,17,4,71,510,1911.0,0.7542438271604939
1260.0,2299.0,45,4.3,55.0,4,17,5,104,284,1039.0,0.548064375815572
1099.0,1500.0,27,4.5,1065.0,4,17,4,129,1661,401.0,0.7326666666666667
1928.0,2590.0,26,4.0,2377.0,4,17,4,41,393,662.0,0.7444015444015444
3249.0,6299.0,48,3.9,2569.0,4,11,4,169,1923,3050.0,0.5157961581203365
1199.0,1795.0,33,4.2,5967.0,4,17,4,65,124,596.0,0.667966573816156
1456.0,3190.0,54,4.1,1776.0,4,17,5,99,84,1734.0,0.45642633228840124
3349.0,4799.0,30,3.7,4200.0,4,17,4,87,383,1450.0,0.697853719524901
4899.0,8999.0,46,4.1,297.0,4,17,4,115,704,4100.0,0.5443938215357262
1199.0,1899.0,37,4.2,3858.0,4,17,5,109,178,700.0,0.6313849394418115
3290.0,5799.0,43,4.3,168.0,4,11,3,192,870,2509.0,0.5673391964131747
179.0,799.0,78,3.6,101.0,4,17,5,89,1057,620.0,0.22403003754693368
149.0,300.0,50,4.1,4074.0,4,17,5,144,498,151.0,0.49666666666666665
5490.0,7200.0,24,4.5,1408.0,4,17,4,57,602,1710.0,0.7625
379.0,389.0,3,4.2,3739.0,4,17,4,162,285,10.0,0.974293059125964
8699.0,13049.0,33,4.3,5891.0,4,17,4,239,1227,4350.0,0.6666411219250518
3041.67,5999.0,49,4.0,777.0,4,17,4,56,267,2957.33,0.5070295049174862
1745.0,2400.0,27,4.2,14160.0,4,17,4,106,565,655.0,0.7270833333333333
3180.0,5295.0,40,4.2,6919.0,4,17,4,54,273,2115.0,0.6005665722379604
4999.0,24999.0,80,4.5,287.0,4,17,4,110,887,20000.0,0.1999679987199488
390.0,799.0,51,3.8,287.0,4,14,4,136,991,409.0,0.4881101376720901
1999.0,2999.0,33,4.4,388.0,4,17,4,157,1822,1000.0,0.6665555185061687
1624.0,2495.0,35,4.1,827.0,4,17,4,95,1047,871.0,0.6509018036072144
184.0,450.0,59,4.2,4971.0,4,17,5,67,570,266.0,0.4088888888888889
445.0,999.0,55,4.3,229.0,4,17,5,222,1233,554.0,0.44544544544544545
699.0,1690.0,59,4.1,3524.0,4,11,4,73,175,991.0,0.4136094674556213
1601.0,3890.0,59,4.2,156.0,4,17,4,95,572,2289.0,0.4115681233933162
231.0,260.0,11,4.1,490.0,4,17,4,42,28,29.0,0.8884615384615384
369.0,599.0,38,3.9,82.0,4,17,5,45,452,230.0,0.6160267111853088
809.0,1950.0,59,3.9,710.0,4,17,5,117,747,1141.0,0.4148717948717949
1199.0,2990.0,60,3.8,133.0,4,17,4,131,1443,1791.0,0.40100334448160535
6120.0,8073.0,24,4.6,2751.0,4,17,4,56,515,1953.0,0.758082497212932
1799.0,2599.0,31,3.6,771.0,4,17,6,179,275,800.0,0.6921893035782993
18999.0,29999.0,37,4.1,2536.0,4,17,6,199,2245,11000.0,0.6333211107036901
1999.0,2360.0,15,4.2,7801.0,4,11,4,47,727,361.0,0.8470338983050848
5999.0,11495.0,48,4.3,534.0,4,17,4,178,634,5496.0,0.5218790778599391
2599.0,4780.0,46,3.9,898.0,4,11,4,114,821,2181.0,0.5437238493723849
1199.0,2400.0,50,3.9,1202.0,4,17,4,163,827,1201.0,0.4995833333333333
219.0,249.0,12,4.0,1108.0,4,14,4,178,581,30.0,0.8795180722891566
799.0,1199.0,33,4.4,17.0,4,11,4,186,552,400.0,0.6663886572143453
6199.0,10999.0,44,4.2,10429.0,4,17,6,168,877,4800.0,0.5635966906082371
6790.0,10995.0,38,4.5,3192.0,4,17,5,200,1324,4205.0,0.6175534333788085
1982.84,3300.0,40,4.1,5873.0,4,11,4,100,776,1317.16,0.600860606060606
199.0,400.0,50,4.1,1379.0,4,17,4,42,23,201.0,0.4975
1180.0,1440.0,18,4.2,1527.0,4,17,5,103,351,260.0,0.8194444444444444
2199.0,3045.0,28,4.2,2686.0,4,11,4,53,488,846.0,0.722167487684729
2999.0,3595.0,17,4.0,178.0,4,17,4,77,515,596.0,0.8342141863699583
253.0,500.0,49,4.3,2664.0,4,17,7,98,207,247.0,0.506
499.0,799.0,38,3.6,212.0,4,11,3,194,812,300.0,0.6245306633291614
1149.0,1899.0,39,3.5,24.0,4,11,4,111,257,750.0,0.6050552922590837
457.0,799.0,43,4.3,1868.0,4,17,6,83,100,342.0,0.571964956195244
229.0,399.0,43,3.6,451.0,4,17,4,68,266,170.0,0.5739348370927319
199.0,699.0,72,2.9,159.0,4,17,4,183,691,500.0,0.28469241773962806
899.0,1999.0,55,4.2,39.0,4,17,4,172,1152,1100.0,0.4497248624312156
1499.0,2199.0,32,4.4,6531.0,4,17,4,43,319,700.0,0.6816734879490678
426.0,999.0,57,4.1,222.0,4,17,4,162,1941,573.0,0.4264264264264264
2320.0,3290.0,29,3.8,195.0,4,11,4,36,36,970.0,0.7051671732522796
1563.0,3098.0,50,3.5,2283.0,4,17,4,195,1039,1535.0,0.5045190445448676
3487.77,4990.0,30,4.1,1127.0,4,11,4,78,212,1502.23,0.6989519038076152
498.0,1200.0,59,3.2,113.0,4,17,4,151,1238,702.0,0.415
2695.0,2695.0,0,4.4,2518.0,4,17,5,56,352,0.0,1.0
949.0,2299.0,59,3.6,550.0,4,11,4,159,1128,1350.0,0.41278816876903
199.0,999.0,80,3.1,2.0,4,17,5,171,1311,800.0,0.1991991991991992
379.0,919.0,59,4.0,1090.0,4,17,4,183,423,540.0,0.41240478781284007
2280.0,3045.0,25,4.1,4118.0,4,17,4,55,28,765.0,0.7487684729064039
2219.0,3080.0,28,3.6,468.0,4,11,4,78,297,861.0,0.7204545454545455
1399.0,1890.0,26,4.0,8031.0,4,11,4,54,528,491.0,0.7402116402116402
2863.0,3690.0,22,4.3,6987.0,4,17,4,52,391,827.0,0.7758807588075881
